"borough","ClosureType","EditDate","FeatureType","PropID","PropName","PropNum","SiteName","Status","longitude","latitude","Approx.Date.Closed","Approx.Date.Reopened","button","content"
"Manhattan","","04/14/2020 03:44:24 PM","Exercise Equipment","M045","John Jay Park","M045","John Jay Park","Active",-73.9494832266936,40.7692388356536,"","","AdultExerciseEquip","John Jay Park, Manhattan, NY<br/><b>Status: </b>Active<br/><b>Features: </b>Exercise Equipment"
"Brooklyn","","04/09/2020 03:15:34 PM","Exercise Equipment","B025","Cooper Park","B025","Cooper Park","Active",-73.9372400026493,40.715852579423,"","","AdultExerciseEquip","Cooper Park, Brooklyn, NY<br/><b>Status: </b>Active<br/><b>Features: </b>Exercise Equipment"
"Queens","Temporary Fencing","06/21/2020 11:39:52 AM","Exercise Equipment","Q134","Breininger Park","Q134","Breininger Park","Reopened",-73.7289747558708,40.725827895761,"04/11/2020 07:06:52 PM","06/21/2020 11:39:50 AM","AdultExerciseEquip","Breininger Park, Queens, NY<br/><b>Status: </b>Reopened<br/><b>Features: </b>Exercise Equipment"
"Brooklyn","Completely Locked","06/22/2020 02:12:49 PM","Exercise Equipment","B298","Stockton Playground","B298","Stockton Playground","Reopened",-73.9486737673398,40.697283737703,"04/10/2020 12:27:53 PM","06/22/2020 12:00:00 AM","AdultExerciseEquip","Stockton Playground, Brooklyn, NY<br/><b>Status: </b>Reopened<br/><b>Features: </b>Exercise Equipment"
"Queens","Completely Locked","06/23/2020 11:10:39 AM","Exercise Equipment","Q001-ZN01","Alley Pond Park","Q001","Alley Pond Park Zone 1","Reopened",-73.7362682120704,40.7394921530654,"04/11/2020 07:14:22 PM","06/23/2020 11:10:37 AM","AdultExerciseEquip","Alley Pond Park, Queens, NY<br/><b>Status: </b>Reopened<br/><b>Features: </b>Exercise Equipment"
"Bronx","Temporary Fencing","06/22/2020 10:33:37 AM","Exercise Equipment","X137","Jerome Park","X137","Jerome Park","Reopened",-73.8919726294351,40.8786544553472,"04/13/2020 12:01:05 PM","06/21/2020 12:00:00 AM","AdultExerciseEquip","Jerome Park, Bronx, NY<br/><b>Status: </b>Reopened<br/><b>Features: </b>Exercise Equipment"
"Queens","Partially Locked","06/23/2020 09:25:50 AM","Exercise Equipment","Q026","Park Of The Americas","Q026","Park Of The Americas","Reopened",-73.8619227197738,40.748565106905,"04/13/2020 09:15:26 AM","06/23/2020 09:25:48 AM","AdultExerciseEquip","Park Of The Americas, Queens, NY<br/><b>Status: </b>Reopened<br/><b>Features: </b>Exercise Equipment"
"Brooklyn","Completely Locked","06/22/2020 11:24:26 AM","Exercise Equipment","B141","City Line Park","B141","City Line Park","Reopened",-73.8749227404245,40.6794817999445,"05/21/2020 01:03:15 PM","06/20/2020 12:00:00 AM","AdultExerciseEquip","City Line Park, Brooklyn, NY<br/><b>Status: </b>Reopened<br/><b>Features: </b>Exercise Equipment"
"Manhattan","Completely Locked","06/22/2020 05:21:11 PM","Exercise Equipment","M079","St. Catherine's Park","M079","St. Catherine's Park","Reopened",-73.9587213697007,40.7651944089339,"04/10/2020 11:53:33 AM","06/21/2020 12:00:00 AM","AdultExerciseEquip","St. Catherine's Park, Manhattan, NY<br/><b>Status: </b>Reopened<br/><b>Features: </b>Exercise Equipment"
"Bronx","Completely Locked","06/22/2020 10:05:38 AM","Exercise Equipment","X206","Morgan Playground","X206","Morgan Playground","Reopened",-73.9074353081409,40.8322742951959,"04/10/2020 08:42:35 AM","06/21/2020 12:00:00 AM","AdultExerciseEquip","Morgan Playground, Bronx, NY<br/><b>Status: </b>Reopened<br/><b>Features: </b>Exercise Equipment"
"Bronx","","04/09/2020 03:24:38 PM","Exercise Equipment","X118-ZN03","Soundview Park","X118","Soundview Park Zone 3","Active",-73.8730510323255,40.8182864962869,"","","AdultExerciseEquip","Soundview Park, Bronx, NY<br/><b>Status: </b>Active<br/><b>Features: </b>Exercise Equipment"
"Manhattan","","04/13/2020 01:10:34 PM","Exercise Equipment","M047","Thomas Jefferson Park","M047","Thomas Jefferson Park","Active",-73.9355900505793,40.7932024270962,"","","AdultExerciseEquip","Thomas Jefferson Park, Manhattan, NY<br/><b>Status: </b>Active<br/><b>Features: </b>Exercise Equipment"
"Brooklyn","Completely Locked","06/22/2020 03:39:17 PM","Exercise Equipment","B007-01","Bensonhurst Park","B007","Bensonhurst Park Playground","Reopened",-73.9998132907674,40.5969235487905,"04/10/2020 04:00:20 PM","06/20/2020 12:00:00 AM","AdultExerciseEquip","Bensonhurst Park, Brooklyn, NY<br/><b>Status: </b>Reopened<br/><b>Features: </b>Exercise Equipment"
"Bronx","","04/09/2020 03:24:38 PM","Exercise Equipment","X092-ZN06","Van Cortlandt Park","X092","Parade Ground North","Active",-73.8951881008203,40.8966986096149,"","","AdultExerciseEquip","Van Cortlandt Park, Bronx, NY<br/><b>Status: </b>Active<br/><b>Features: </b>Exercise Equipment"
"Queens","Completely Locked","06/21/2020 07:27:22 PM","Exercise Equipment","Q335","Russell Sage Playground","Q335","Russell Sage Playground","Reopened",-73.8514754321813,40.7237749790738,"04/11/2020 06:19:53 PM","06/21/2020 10:00:00 AM","AdultExerciseEquip","Russell Sage Playground, Queens, NY<br/><b>Status: </b>Reopened<br/><b>Features: </b>Exercise Equipment"
"Brooklyn","Completely Locked","06/22/2020 03:21:34 PM","Exercise Equipment","B286","Bartlett Playground","B286","Bartlett Playground","Reopened",-73.9460957449093,40.7009004152818,"04/10/2020 11:37:33 AM","06/21/2020 12:00:00 AM","AdultExerciseEquip","Bartlett Playground, Brooklyn, NY<br/><b>Status: </b>Reopened<br/><b>Features: </b>Exercise Equipment"
"Brooklyn","","04/09/2020 03:15:34 PM","Exercise Equipment","B252","West Playground","B252","West Playground","Active",-73.9700708438389,40.5870839230386,"","","AdultExerciseEquip","West Playground, Brooklyn, NY<br/><b>Status: </b>Active<br/><b>Features: </b>Exercise Equipment"
"Brooklyn","Completely Locked","04/10/2020 12:36:38 PM","Exercise Equipment","B126-01","Red Hook Recreation Area","B126","Bush Clinton Park","Active",-74.0034158031658,40.6737079062648,"","","AdultExerciseEquip","Red Hook Recreation Area, Brooklyn, NY<br/><b>Status: </b>Active<br/><b>Features: </b>Exercise Equipment"
"Brooklyn","","04/09/2020 03:15:34 PM","Exercise Equipment","B061","McLaughlin Park","B061","McLaughlin Park","Active",-73.9860471424356,40.696514825066,"","","AdultExerciseEquip","McLaughlin Park, Brooklyn, NY<br/><b>Status: </b>Active<br/><b>Features: </b>Exercise Equipment"
"Queens","Completely Locked","06/21/2020 07:53:34 PM","Exercise Equipment","Q471-01","Hunter's Point South Park","Q471","Hunter's Point South Playground (North)","Reopened",-73.9603984239713,40.7429603086143,"04/11/2020 05:47:53 PM","06/21/2020 01:00:00 PM","AdultExerciseEquip","Hunter's Point South Park, Queens, NY<br/><b>Status: </b>Reopened<br/><b>Features: </b>Exercise Equipment"
"Bronx","Temporary Fencing","06/22/2020 10:09:37 AM","Exercise Equipment","X010-06","Crotona Park","X010","Boxcar Plgd (6)","Reopened",-73.8927296175318,40.8369477993777,"04/15/2020 10:11:38 AM","06/21/2020 12:00:00 AM","AdultExerciseEquip","Crotona Park, Bronx, NY<br/><b>Status: </b>Reopened<br/><b>Features: </b>Exercise Equipment"
"Staten Island","Completely Locked","06/22/2020 04:54:45 PM","Exercise Equipment","R035","De Matti Park","R035","De Matti Park","Reopened",-74.0741848101818,40.6145327243543,"04/09/2020 03:20:54 PM","06/22/2020 04:54:43 PM","AdultExerciseEquip","De Matti Park, Staten Island, NY<br/><b>Status: </b>Reopened<br/><b>Features: </b>Exercise Equipment"
"Bronx","","04/09/2020 03:24:38 PM","Exercise Equipment","X002-ZN05B","Bronx Park","X002","Bronx River Parkway East (North Half)","Active",-73.8637119061693,40.8909290733346,"","","AdultExerciseEquip","Bronx Park, Bronx, NY<br/><b>Status: </b>Active<br/><b>Features: </b>Exercise Equipment"
"Queens","Completely Locked","06/23/2020 09:24:32 AM","Exercise Equipment","Q366","Louis C. Moser Playground","Q366","Louis C. Moser Playground","Reopened",-73.8922343768938,40.7631068618076,"04/11/2020 05:56:10 PM","06/23/2020 09:24:31 AM","AdultExerciseEquip","Louis C. Moser Playground, Queens, NY<br/><b>Status: </b>Reopened<br/><b>Features: </b>Exercise Equipment"
"Bronx","Temporary Fencing","06/22/2020 09:35:21 AM","Exercise Equipment","X045-ZN01","St. Mary's Park","X045","St Mary's Park Zone 1","Reopened",-73.9111988544367,40.8102747638459,"04/10/2020 10:04:47 AM","06/21/2020 12:00:00 AM","AdultExerciseEquip","St. Mary's Park, Bronx, NY<br/><b>Status: </b>Reopened<br/><b>Features: </b>Exercise Equipment"
"Brooklyn","","04/09/2020 03:15:34 PM","Exercise Equipment","B066-01","Owl's Head Park","B066","Owls Head Park","Active",-74.0301361414198,40.6403474696985,"","","AdultExerciseEquip","Owl's Head Park, Brooklyn, NY<br/><b>Status: </b>Active<br/><b>Features: </b>Exercise Equipment"
"Manhattan","","04/14/2020 03:44:11 PM","Exercise Equipment","M164","Asser Levy Playground","M164","Asser Levy Playground","Active",-73.9756154724763,40.7364424259224,"","","AdultExerciseEquip","Asser Levy Playground, Manhattan, NY<br/><b>Status: </b>Active<br/><b>Features: </b>Exercise Equipment"
"Manhattan","Completely Locked","06/29/2020 11:02:12 AM","Exercise Equipment","M037-04","Highbridge Park","M037","Wallenberg Plgd","Reopened",-73.9268989214219,40.8529129560565,"04/10/2020 12:53:36 PM","06/21/2020 12:00:00 AM","AdultExerciseEquip","Highbridge Park, Manhattan, NY<br/><b>Status: </b>Reopened<br/><b>Features: </b>Exercise Equipment"
"Brooklyn","","04/09/2020 03:15:34 PM","Exercise Equipment","B032-ZN01","Fort Greene Park","B032","Fort Greene Park Zone 1","Active",-73.9757151418062,40.6926083801029,"","","AdultExerciseEquip","Fort Greene Park, Brooklyn, NY<br/><b>Status: </b>Active<br/><b>Features: </b>Exercise Equipment"
"Brooklyn","","04/09/2020 03:15:34 PM","Exercise Equipment","B223DA","Adam Yauch Park","B223DA","Adam Yauch Park","Active",-73.9991459063021,40.6920983798313,"","","AdultExerciseEquip","Adam Yauch Park, Brooklyn, NY<br/><b>Status: </b>Active<br/><b>Features: </b>Exercise Equipment"
"Brooklyn","","04/09/2020 03:15:34 PM","Exercise Equipment","B057-ZN02","Marine Park","B057","Marine Park Zone 2","Active",-73.9324644104628,40.6057661775516,"","","AdultExerciseEquip","Marine Park, Brooklyn, NY<br/><b>Status: </b>Active<br/><b>Features: </b>Exercise Equipment"
"Bronx","Temporary Fencing","06/22/2020 09:41:11 AM","Exercise Equipment","X030-ZN01","Macombs Dam Park","X030","Macombs Dam Park Zone 1 Upper","Reopened",-73.9293295606938,40.8279651281049,"04/09/2020 03:49:04 PM","06/21/2020 12:00:00 AM","AdultExerciseEquip","Macombs Dam Park, Bronx, NY<br/><b>Status: </b>Reopened<br/><b>Features: </b>Exercise Equipment"
"Queens","Completely Locked","06/21/2020 07:49:34 PM","Exercise Equipment","Q421","Walter Ward Playground","Q421","Walter Ward Playground","Reopened",-73.8436901143454,40.6574226815268,"04/11/2020 06:49:16 PM","06/21/2020 02:30:00 PM","AdultExerciseEquip","Walter Ward Playground, Queens, NY<br/><b>Status: </b>Reopened<br/><b>Features: </b>Exercise Equipment"
"Queens","","06/19/2020 01:24:06 PM","Exercise Equipment","Q015-ZN04","Forest Park","Q015","Victory Field","Reopened",-73.8533978736994,40.7014602573523,"","06/19/2020 01:15:00 PM","AdultExerciseEquip","Forest Park, Queens, NY<br/><b>Status: </b>Reopened<br/><b>Features: </b>Exercise Equipment"
"Brooklyn","Completely Locked","06/23/2020 02:57:29 PM","Exercise Equipment","B254","Wingate Park","B254","Wingate Park","Reopened",-73.9441992595745,40.6585695201035,"04/10/2020 12:57:42 PM","06/22/2020 12:00:00 AM","AdultExerciseEquip","Wingate Park, Brooklyn, NY<br/><b>Status: </b>Reopened<br/><b>Features: </b>Exercise Equipment"
"Queens","Completely Locked","06/23/2020 11:45:24 AM","Exercise Equipment","Q333","Ravenswood Playground","Q333","Ravenswood Playground","Reopened",-73.9353426117753,40.7626079415863,"04/11/2020 01:21:47 PM","06/23/2020 11:45:22 AM","AdultExerciseEquip","Ravenswood Playground, Queens, NY<br/><b>Status: </b>Reopened<br/><b>Features: </b>Exercise Equipment"
"Queens","Completely Locked","06/21/2020 07:12:37 PM","Exercise Equipment","Q102-03","Juniper Valley Park","Q102","Juniper South Playground","Reopened",-73.8829017015992,40.7184094759978,"04/11/2020 06:19:33 PM","06/21/2020 07:12:34 PM","AdultExerciseEquip","Juniper Valley Park, Queens, NY<br/><b>Status: </b>Reopened<br/><b>Features: </b>Exercise Equipment"
"Bronx","Blocked with Barricade","06/22/2020 10:52:11 AM","Exercise Equipment","X002-05A","Bronx Park","X002","Waring Plgd","Reopened",-73.8714533024269,40.8604898319416,"04/10/2020 02:20:42 PM","06/21/2020 12:00:00 AM","AdultExerciseEquip","Bronx Park, Bronx, NY<br/><b>Status: </b>Reopened<br/><b>Features: </b>Exercise Equipment"
"Bronx","Completely Locked","06/22/2020 10:02:57 AM","Exercise Equipment","X211","Stebbins Playground","X211","Stebbins Playground","Reopened",-73.8985172871987,40.8227673307666,"04/10/2020 10:12:26 AM","06/21/2020 12:00:00 AM","AdultExerciseEquip","Stebbins Playground, Bronx, NY<br/><b>Status: </b>Reopened<br/><b>Features: </b>Exercise Equipment"
"Brooklyn","Completely Locked","06/22/2020 03:12:01 PM","Exercise Equipment","B167","La Guardia Playground","B167","La Guardia Playground","Reopened",-73.9597482247474,40.7104546498879,"04/10/2020 11:36:57 AM","06/21/2020 12:00:00 AM","AdultExerciseEquip","La Guardia Playground, Brooklyn, NY<br/><b>Status: </b>Reopened<br/><b>Features: </b>Exercise Equipment"
"Brooklyn","Partially Locked","06/22/2020 02:14:12 PM","Exercise Equipment","B088-02","Herbert Von King Park","B088","Herbert Von King Park","Reopened",-73.9458813450304,40.6895245056037,"04/10/2020 12:00:22 PM","06/22/2020 12:00:00 AM","AdultExerciseEquip","Herbert Von King Park, Brooklyn, NY<br/><b>Status: </b>Reopened<br/><b>Features: </b>Exercise Equipment"
"Bronx","Partially Locked","06/22/2020 11:01:08 AM","Exercise Equipment","X262","Harding Park","X262","Harding Park","Reopened",-73.8566059954801,40.8093085285236,"04/10/2020 03:10:20 PM","06/21/2020 12:00:00 AM","AdultExerciseEquip","Harding Park, Bronx, NY<br/><b>Status: </b>Reopened<br/><b>Features: </b>Exercise Equipment"
"Manhattan","Completely Locked","07/07/2020 02:55:15 PM","Exercise Equipment","M200","Booker T. Washington Playground","M200","Booker T. Washington Playground","Reopened",-73.9637674936573,40.8009440607067,"04/09/2020 03:22:59 PM","07/06/2020 12:00:00 AM","AdultExerciseEquip","Booker T. Washington Playground, Manhattan, NY<br/><b>Status: </b>Reopened<br/><b>Features: </b>Exercise Equipment"
"Queens","Blocked with Barricade","06/21/2020 07:49:34 PM","Exercise Equipment","Q092","Police Officer Edward Byrne Park","Q092","Police Officer Edward Byrne Park","Reopened",-73.8074420101011,40.6673392007545,"04/11/2020 06:51:13 PM","06/21/2020 02:30:00 PM","AdultExerciseEquip","Police Officer Edward Byrne Park, Queens, NY<br/><b>Status: </b>Reopened<br/><b>Features: </b>Exercise Equipment"
"Brooklyn","Completely Locked","06/22/2020 12:39:05 PM","Exercise Equipment","B270","Brownsville Playground","B270","Brownsville Playground","Reopened",-73.902221572099,40.6565247021916,"04/10/2020 05:02:51 PM","06/20/2020 12:00:00 AM","AdultExerciseEquip","Brownsville Playground, Brooklyn, NY<br/><b>Status: </b>Reopened<br/><b>Features: </b>Exercise Equipment"
"Queens","Temporary Fencing","06/22/2020 05:17:24 PM","Exercise Equipment","Q220G","Hoover - Manton Playgrounds","Q220G","Hoover - Manton Playgrounds","Reopened",-73.8212304318697,40.7114724652309,"04/11/2020 07:24:41 PM","","AdultExerciseEquip","Hoover - Manton Playgrounds, Queens, NY<br/><b>Status: </b>Reopened<br/><b>Features: </b>Exercise Equipment"
"Bronx","Completely Locked","06/22/2020 10:24:49 AM","Exercise Equipment","X174","Webster Playground","X174","Webster Playground","Reopened",-73.8928922740857,40.8593838604443,"04/10/2020 10:30:16 AM","06/21/2020 12:00:00 AM","AdultExerciseEquip","Webster Playground, Bronx, NY<br/><b>Status: </b>Reopened<br/><b>Features: </b>Exercise Equipment"
"Brooklyn","Partially Locked","06/22/2020 02:33:56 PM","Exercise Equipment","B381","Thomas Boyland Park","B381","Thomas Boyland Park","Reopened",-73.9075469531737,40.6817427412166,"04/10/2020 12:28:55 PM","06/22/2020 12:00:00 AM","AdultExerciseEquip","Thomas Boyland Park, Brooklyn, NY<br/><b>Status: </b>Reopened<br/><b>Features: </b>Exercise Equipment"
"Queens","","04/11/2020 07:26:20 PM","Exercise Equipment","Q024-ZN04","Kissena Park","Q024","Kissena Park Zone 4","Active",-73.8096416942633,40.7436669679982,"","","AdultExerciseEquip","Kissena Park, Queens, NY<br/><b>Status: </b>Active<br/><b>Features: </b>Exercise Equipment"
"Brooklyn","Completely Locked","06/29/2020 09:55:28 AM","Exercise Equipment","B380","Robert E. Venable Park","B380","Robert E. Venable Park","Reopened",-73.8652289888985,40.6744223655777,"04/10/2020 05:00:21 PM","06/29/2020 12:00:00 AM","AdultExerciseEquip","Robert E. Venable Park, Brooklyn, NY<br/><b>Status: </b>Reopened<br/><b>Features: </b>Exercise Equipment"
"Manhattan","","04/10/2020 12:10:07 PM","Exercise Equipment","M071-ZN20","Riverside Park","M071","Hudson Beach Volleyball Courts & Caf√©","Active",-73.9723088812383,40.8026186654361,"","","AdultExerciseEquip","Riverside Park, Manhattan, NY<br/><b>Status: </b>Active<br/><b>Features: </b>Exercise Equipment"
"Bronx","Temporary Fencing","06/22/2020 10:37:42 AM","Exercise Equipment","X136-01","Harris Park","X136","Harris Playground","Reopened",-73.8923909260246,40.8751269563804,"04/10/2020 02:22:08 PM","06/21/2020 12:00:00 AM","AdultExerciseEquip","Harris Park, Bronx, NY<br/><b>Status: </b>Reopened<br/><b>Features: </b>Exercise Equipment"
"Queens","Blocked with Barricade","06/21/2020 07:37:53 PM","Exercise Equipment","Q127","Marconi Park","Q127","Marconi Park","Reopened",-73.795530229514,40.6935868909644,"04/11/2020 07:00:39 PM","06/21/2020 02:30:00 PM","AdultExerciseEquip","Marconi Park, Queens, NY<br/><b>Status: </b>Reopened<br/><b>Features: </b>Exercise Equipment"
"Manhattan","Completely Locked","06/22/2020 04:20:14 PM","Exercise Equipment","M229","Happy Warrior Playground","M229","Happy Warrior Playground","Reopened",-73.968643030623,40.7954766531839,"04/15/2020 04:21:20 PM","06/21/2020 12:00:00 AM","AdultExerciseEquip","Happy Warrior Playground, Manhattan, NY<br/><b>Status: </b>Reopened<br/><b>Features: </b>Exercise Equipment"
"Bronx","Completely Locked","06/22/2020 09:58:34 AM","Exercise Equipment","X113","Hunts Point Playground","X113","Hunts Point Playground","Reopened",-73.8859705194439,40.8141365597583,"04/10/2020 10:11:35 AM","06/21/2020 12:00:00 AM","AdultExerciseEquip","Hunts Point Playground, Bronx, NY<br/><b>Status: </b>Reopened<br/><b>Features: </b>Exercise Equipment"
"Queens","Completely Locked","06/22/2020 05:17:49 PM","Exercise Equipment","Q298","Paul Raimonda Playground","Q298","Paul Raimonda Playground","Reopened",-73.897446080491,40.7728024941943,"04/11/2020 05:39:43 PM","","AdultExerciseEquip","Paul Raimonda Playground, Queens, NY<br/><b>Status: </b>Reopened<br/><b>Features: </b>Exercise Equipment"
"Manhattan","Blocked with Barricade","06/22/2020 03:34:43 PM","Exercise Equipment","M071-34","Riverside Park","M071","Tot Lot One Hundred Five","Reopened",-73.9709500471166,40.8017574396577,"04/10/2020 11:46:55 AM","06/21/2020 12:00:00 AM","AdultExerciseEquip","Riverside Park, Manhattan, NY<br/><b>Status: </b>Reopened<br/><b>Features: </b>Exercise Equipment"
"Queens","Temporary Fencing","06/21/2020 07:55:39 PM","Exercise Equipment","Q085","Gorman Playground","Q085","Gorman Playground","Reopened",-73.8842369623398,40.7623842806575,"04/11/2020 05:56:46 PM","06/21/2020 01:30:00 PM","AdultExerciseEquip","Gorman Playground, Queens, NY<br/><b>Status: </b>Reopened<br/><b>Features: </b>Exercise Equipment"
"Brooklyn","Blocked with Barricade","06/22/2020 12:42:25 PM","Exercise Equipment","B008-03","Betsy Head Park","B008","Imagination Playground at Betsy Head","Reopened",-73.9118279347926,40.6645117466229,"04/10/2020 05:01:06 PM","06/20/2020 12:00:00 AM","AdultExerciseEquip","Betsy Head Park, Brooklyn, NY<br/><b>Status: </b>Reopened<br/><b>Features: </b>Exercise Equipment"
"Bronx","Completely Locked","06/22/2020 09:29:10 AM","Exercise Equipment","X182","Millbrook Playground","X182","Millbrook Playground","Reopened",-73.9166478375923,40.8043540921587,"04/13/2020 02:08:12 PM","06/21/2020 12:00:00 AM","AdultExerciseEquip","Millbrook Playground, Bronx, NY<br/><b>Status: </b>Reopened<br/><b>Features: </b>Exercise Equipment"
"Manhattan","","04/10/2020 11:50:49 AM","Exercise Equipment","M391-ZN02","East River Waterfront Esplanade","M391","East River Waterfront Esplanade Zone 2","Active",-73.9935706152113,40.7091168277821,"","","AdultExerciseEquip","East River Waterfront Esplanade, Manhattan, NY<br/><b>Status: </b>Active<br/><b>Features: </b>Exercise Equipment"
"Bronx","","04/09/2020 03:24:38 PM","Exercise Equipment","X002-ZN01","Bronx Park","X002","Bronx Park Zone 1","Active",-73.8701855521424,40.8524405980056,"","","AdultExerciseEquip","Bronx Park, Bronx, NY<br/><b>Status: </b>Active<br/><b>Features: </b>Exercise Equipment"
"Staten Island","","06/23/2020 02:37:37 PM","Exercise Equipment","R031-ZN02","Wolfe's Pond Park","R031","Wolfe's Pond Park Zone 2","Active",-74.1893417181154,40.5167876209721,"","","AdultExerciseEquip","Wolfe's Pond Park, Staten Island, NY<br/><b>Status: </b>Active<br/><b>Features: </b>Exercise Equipment"
"Brooklyn","Partially Locked","06/22/2020 02:13:51 PM","Exercise Equipment","B217","Marcy Playground","B217","Marcy Playground","Reopened",-73.9509134936202,40.6955213939125,"04/10/2020 11:59:53 AM","06/22/2020 12:00:00 AM","AdultExerciseEquip","Marcy Playground, Brooklyn, NY<br/><b>Status: </b>Reopened<br/><b>Features: </b>Exercise Equipment"
"Queens","Temporary Fencing","06/21/2020 11:39:52 AM","Exercise Equipment","Q133","Pat Williams Playground","Q133","Pat Williams Playground","Reopened",-73.7295180687685,40.7130353392801,"04/11/2020 07:13:15 PM","06/21/2020 11:39:50 AM","AdultExerciseEquip","Pat Williams Playground, Queens, NY<br/><b>Status: </b>Reopened<br/><b>Features: </b>Exercise Equipment"
"Brooklyn","","04/09/2020 03:15:34 PM","Exercise Equipment","B054-ZN01","Lincoln Terrace / Arthur S. Somers Park","B054","Lincoln Terr Pk/Arthur S Somers Zone 1","Active",-73.927344650854,40.6659117711168,"","","AdultExerciseEquip","Lincoln Terrace / Arthur S. Somers Park, Brooklyn, NY<br/><b>Status: </b>Active<br/><b>Features: </b>Exercise Equipment"
"Bronx","Temporary Fencing","06/22/2020 09:41:37 AM","Exercise Equipment","X030","Macombs Dam Park","X030","Macombs Dam Park","Reopened",-73.9281690901287,40.8287635358581,"04/10/2020 02:45:24 PM","06/21/2020 12:00:00 AM","AdultExerciseEquip","Macombs Dam Park, Bronx, NY<br/><b>Status: </b>Reopened<br/><b>Features: </b>Exercise Equipment"
"Brooklyn","","04/09/2020 03:15:34 PM","Exercise Equipment","B316","DiGilio Playground","B316","DiGilio Playground","Active",-73.9771308362306,40.6326286600865,"","","AdultExerciseEquip","DiGilio Playground, Brooklyn, NY<br/><b>Status: </b>Active<br/><b>Features: </b>Exercise Equipment"
"Brooklyn","","04/09/2020 03:15:34 PM","Exercise Equipment","B162","Brizzi Playground","B162","Brizzi Playground","Active",-73.9946487273126,40.6424175298883,"","","AdultExerciseEquip","Brizzi Playground, Brooklyn, NY<br/><b>Status: </b>Active<br/><b>Features: </b>Exercise Equipment"
"Staten Island","","04/09/2020 03:20:54 PM","Exercise Equipment","R109","CPL. Thompson Park","R109","CPL. Thompson Park","Active",-74.1188510110172,40.6380640758496,"","","AdultExerciseEquip","CPL. Thompson Park, Staten Island, NY<br/><b>Status: </b>Active<br/><b>Features: </b>Exercise Equipment"
"Queens","Temporary Fencing","06/21/2020 07:06:46 PM","Exercise Equipment","Q020-01","Highland Park","Q020","Lower Highland Playground","Reopened",-73.8857385421865,40.683960812262,"04/11/2020 06:23:15 PM","06/21/2020 10:00:00 AM","AdultExerciseEquip","Highland Park, Queens, NY<br/><b>Status: </b>Reopened<br/><b>Features: </b>Exercise Equipment"
"Queens","Completely Locked","06/22/2020 05:16:37 PM","Exercise Equipment","Q174A","St. Michael's Playground","Q174A","St. Michael's Playground","Reopened",-73.9001513515219,40.7589809146564,"04/11/2020 05:35:29 PM","","AdultExerciseEquip","St. Michael's Playground, Queens, NY<br/><b>Status: </b>Reopened<br/><b>Features: </b>Exercise Equipment"
"Queens","Temporary Fencing","06/22/2020 05:20:03 PM","Exercise Equipment","Q005-05","Baisley Pond Park","Q005","157 St Playground","Reopened",-73.7860883963776,40.6840874351686,"04/11/2020 07:31:41 PM","","AdultExerciseEquip","Baisley Pond Park, Queens, NY<br/><b>Status: </b>Reopened<br/><b>Features: </b>Exercise Equipment"
"Bronx","Completely Locked","06/22/2020 10:56:24 AM","Exercise Equipment","X159","Playground 174","X159","Playground 174","UnderConstruction",-73.8777645824404,40.8343485621014,"04/10/2020 02:23:08 PM","","AdultExerciseEquip","Playground 174, Bronx, NY<br/><b>Status: </b>UnderConstruction<br/><b>Features: </b>Exercise Equipment"
"Brooklyn","","04/09/2020 03:15:34 PM","Exercise Equipment","B223R","Jaime Campiz Playground","B223R","Jaime Campiz Playground","Active",-73.9543773678931,40.7135425377962,"","","AdultExerciseEquip","Jaime Campiz Playground, Brooklyn, NY<br/><b>Status: </b>Active<br/><b>Features: </b>Exercise Equipment"
"Bronx","Completely Locked","06/22/2020 10:23:30 AM","Exercise Equipment","X102","Ciccarone Park","X102","Ciccarone Park","Reopened",-73.8867043823755,40.8559661896292,"04/10/2020 10:29:34 AM","06/21/2020 12:00:00 AM","AdultExerciseEquip","Ciccarone Park, Bronx, NY<br/><b>Status: </b>Reopened<br/><b>Features: </b>Exercise Equipment"
"Brooklyn","","04/09/2020 03:15:34 PM","Exercise Equipment","B057-ZN03","Marine Park","B057","Marine Park Zone 3","Active",-73.9354495707199,40.6040804117619,"","","AdultExerciseEquip","Marine Park, Brooklyn, NY<br/><b>Status: </b>Active<br/><b>Features: </b>Exercise Equipment"
"Queens","Blocked with Barricade","06/21/2020 11:31:08 AM","Exercise Equipment","Q364","Marie Curie Playground","Q364","Marie Curie Playground","Reopened",-73.7717787502111,40.756935696655,"04/11/2020 07:29:31 PM","06/21/2020 11:31:06 AM","AdultExerciseEquip","Marie Curie Playground, Queens, NY<br/><b>Status: </b>Reopened<br/><b>Features: </b>Exercise Equipment"
"Brooklyn","Blocked with Barricade","06/22/2020 12:20:00 PM","Exercise Equipment","B149A","Elton Playground","B149A","Elton Playground","Reopened",-73.8807388813745,40.6659325553079,"04/10/2020 04:58:34 PM","06/20/2020 12:00:00 AM","AdultExerciseEquip","Elton Playground, Brooklyn, NY<br/><b>Status: </b>Reopened<br/><b>Features: </b>Exercise Equipment"
"Brooklyn","Completely Locked","06/22/2020 02:18:02 PM","Exercise Equipment","B294","Jackie Robinson Park Playground","B294","Jackie Robinson Park Playground","Reopened",-73.9278117157881,40.6802120201089,"04/10/2020 12:27:26 PM","06/22/2020 12:00:00 AM","AdultExerciseEquip","Jackie Robinson Park Playground, Brooklyn, NY<br/><b>Status: </b>Reopened<br/><b>Features: </b>Exercise Equipment"
"Manhattan","Completely Locked","06/19/2020 09:59:41 AM","Exercise Equipment","M171","Cherry Clinton Playground","M171","Cherry Clinton Playground","Reopened",-73.986280295213,40.7113129365616,"04/10/2020 11:57:06 AM","06/19/2020 12:00:00 AM","AdultExerciseEquip","Cherry Clinton Playground, Manhattan, NY<br/><b>Status: </b>Reopened<br/><b>Features: </b>Exercise Equipment"
"Manhattan","Completely Locked","06/22/2020 10:39:42 AM","Exercise Equipment","M041","Alexander Hamilton Playground","M041","Alexander Hamilton Playground","Reopened",-73.9512856117871,40.8230791550686,"04/10/2020 02:13:47 PM","06/21/2020 12:00:00 AM","AdultExerciseEquip","Alexander Hamilton Playground, Manhattan, NY<br/><b>Status: </b>Reopened<br/><b>Features: </b>Exercise Equipment"
"Bronx","Completely Locked","06/22/2020 09:49:25 AM","Exercise Equipment","X148A2","Plimpton Playground","X148A2","Plimpton Playground","Reopened",-73.9224178399698,40.8439253318588,"04/16/2020 10:43:03 AM","06/21/2020 12:00:00 AM","AdultExerciseEquip","Plimpton Playground, Bronx, NY<br/><b>Status: </b>Reopened<br/><b>Features: </b>Exercise Equipment"
"Queens","Temporary Fencing","06/23/2020 11:03:34 AM","Exercise Equipment","Q105","Howard Von Dohlen Playground","Q105","Howard Von Dohlen Playground","Reopened",-73.8129783429311,40.6994401845565,"04/11/2020 07:31:04 PM","06/23/2020 11:00:00 AM","AdultExerciseEquip","Howard Von Dohlen Playground, Queens, NY<br/><b>Status: </b>Reopened<br/><b>Features: </b>Exercise Equipment"
"Brooklyn","","04/09/2020 03:15:34 PM","Exercise Equipment","B052-03","Leif Ericson Park","B052","Leif Ericson Park Playground","Active",-74.0119042315792,40.6308182643038,"","","AdultExerciseEquip","Leif Ericson Park, Brooklyn, NY<br/><b>Status: </b>Active<br/><b>Features: </b>Exercise Equipment"
"Bronx","Completely Locked","06/22/2020 10:27:27 AM","Exercise Equipment","X257","Mount Hope Playground","X257","Mount Hope Playground","Reopened",-73.9094394380745,40.8502983337139,"04/10/2020 02:14:11 PM","06/21/2020 12:00:00 AM","AdultExerciseEquip","Mount Hope Playground, Bronx, NY<br/><b>Status: </b>Reopened<br/><b>Features: </b>Exercise Equipment"
"Queens","Temporary Fencing","06/23/2020 11:01:11 AM","Exercise Equipment","Q005-12","Baisley Pond Park","Q005","Rockaway Blvd Playground","Reopened",-73.7877212927458,40.6725676125228,"04/11/2020 06:55:11 PM","06/23/2020 11:00:00 AM","AdultExerciseEquip","Baisley Pond Park, Queens, NY<br/><b>Status: </b>Reopened<br/><b>Features: </b>Exercise Equipment"
"Brooklyn","Completely Locked","06/22/2020 01:58:26 PM","Exercise Equipment","B129-ZN01","Kaiser Park","B129","Kaiser Park Zone 1","Reopened",-73.9946104382313,40.5785609783044,"04/10/2020 04:06:07 PM","06/22/2020 12:00:00 AM","AdultExerciseEquip","Kaiser Park, Brooklyn, NY<br/><b>Status: </b>Reopened<br/><b>Features: </b>Exercise Equipment"
"Bronx","Temporary Fencing","06/22/2020 10:38:47 AM","Exercise Equipment","X080-03","Henry Hudson Park","X080","Henry Hudson Playground (West)","Reopened",-73.9204390389061,40.8811846790072,"04/17/2020 12:35:55 PM","06/21/2020 12:00:00 AM","AdultExerciseEquip","Henry Hudson Park, Bronx, NY<br/><b>Status: </b>Reopened<br/><b>Features: </b>Exercise Equipment"
"Manhattan","Blocked with Barricade","06/22/2020 03:53:26 PM","Exercise Equipment","M010-ZN28","Central Park","M010","Ross Pinetum","Reopened",-73.9680827985028,40.7829491868549,"04/10/2020 11:59:36 AM","06/21/2020 12:00:00 AM","AdultExerciseEquip","Central Park, Manhattan, NY<br/><b>Status: </b>Reopened<br/><b>Features: </b>Exercise Equipment"
"Queens","","04/11/2020 05:48:33 PM","Exercise Equipment","Q471-ZN02","Hunter's Point South Park","Q471","Hunter's Point South Park Zone 2","Active",-73.961598629998,40.7394256219226,"","","AdultExerciseEquip","Hunter's Point South Park, Queens, NY<br/><b>Status: </b>Active<br/><b>Features: </b>Exercise Equipment"
"Brooklyn","","04/09/2020 03:15:34 PM","Exercise Equipment","B357","Jackie Robinson Playground","B357","Jackie Robinson Playground","Active",-73.9592373857767,40.6657903515401,"","","AdultExerciseEquip","Jackie Robinson Playground, Brooklyn, NY<br/><b>Status: </b>Active<br/><b>Features: </b>Exercise Equipment"
"Queens","Temporary Fencing","06/21/2020 07:07:54 PM","Exercise Equipment","Q128","London Planetree Playground","Q128","London Planetree Playground","Reopened",-73.853242123342,40.6861398293254,"04/11/2020 06:46:34 PM","06/21/2020 09:45:00 AM","AdultExerciseEquip","London Planetree Playground, Queens, NY<br/><b>Status: </b>Reopened<br/><b>Features: </b>Exercise Equipment"
"Manhattan","Taped Off","06/22/2020 04:11:41 PM","Exercise Equipment","M011","Chelsea Park","M011","Chelsea Park","Reopened",-74.0007282487639,40.7499416513595,"04/10/2020 01:12:14 PM","06/21/2020 12:00:00 AM","AdultExerciseEquip","Chelsea Park, Manhattan, NY<br/><b>Status: </b>Reopened<br/><b>Features: </b>Exercise Equipment"
"Manhattan","Completely Locked","06/22/2020 04:20:32 PM","Exercise Equipment","M238","Bloomingdale Playground","M238","Bloomingdale Playground","Reopened",-73.9660010402748,40.799172214647,"04/09/2020 03:22:59 PM","06/21/2020 12:00:00 AM","AdultExerciseEquip","Bloomingdale Playground, Manhattan, NY<br/><b>Status: </b>Reopened<br/><b>Features: </b>Exercise Equipment"
"Bronx","","04/09/2020 03:24:38 PM","Exercise Equipment","X126-ZN04","Ferry Point Park","X126","Ferry Point Park Zone 4","Active",-73.8257334075983,40.8197454332184,"","","AdultExerciseEquip","Ferry Point Park, Bronx, NY<br/><b>Status: </b>Active<br/><b>Features: </b>Exercise Equipment"
"Manhattan","Temporary Fencing","06/22/2020 04:33:41 PM","Exercise Equipment","M198","Martin Luther King, Jr. Playground","M198","Martin Luther King, Jr. Playground","Reopened",-73.950463946265,40.7998340737406,"04/15/2020 04:27:34 PM","06/21/2020 12:00:00 AM","AdultExerciseEquip","Martin Luther King, Jr. Playground, Manhattan, NY<br/><b>Status: </b>Reopened<br/><b>Features: </b>Exercise Equipment"
"Brooklyn","Completely Locked","06/23/2020 02:54:45 PM","Exercise Equipment","B156","Powell Playground","B156","Powell Playground","Reopened",-73.9048274855477,40.6712729401206,"04/10/2020 05:01:55 PM","06/20/2020 12:00:00 AM","AdultExerciseEquip","Powell Playground, Brooklyn, NY<br/><b>Status: </b>Reopened<br/><b>Features: </b>Exercise Equipment"
"Staten Island","","04/09/2020 03:20:54 PM","Exercise Equipment","R109-01","CPL. Thompson Park","R109","Corporal Thompson Playground","Active",-74.11803173699,40.6389214839519,"","","AdultExerciseEquip","CPL. Thompson Park, Staten Island, NY<br/><b>Status: </b>Active<br/><b>Features: </b>Exercise Equipment"
"Staten Island","","04/09/2020 03:20:54 PM","Exercise Equipment","R106-ZN03","Bloomingdale Park","R106","Bloomingdale Park Zone 3","Active",-74.2094651280486,40.5330258685885,"","","AdultExerciseEquip","Bloomingdale Park, Staten Island, NY<br/><b>Status: </b>Active<br/><b>Features: </b>Exercise Equipment"
"Brooklyn","Completely Locked","06/23/2020 02:57:09 PM","Exercise Equipment","B267","Winthrop Playground","B267","Winthrop Playground","Reopened",-73.9543692775413,40.6565696247225,"04/10/2020 01:01:20 PM","06/22/2020 12:00:00 AM","AdultExerciseEquip","Winthrop Playground, Brooklyn, NY<br/><b>Status: </b>Reopened<br/><b>Features: </b>Exercise Equipment"
"Queens","Temporary Fencing","06/23/2020 12:29:29 PM","Exercise Equipment","Q437","Murray Hill Playground","Q437","Murray Hill Playground","Reopened",-73.8118304318151,40.76166701383,"04/11/2020 07:27:49 PM","06/23/2020 12:29:28 PM","AdultExerciseEquip","Murray Hill Playground, Queens, NY<br/><b>Status: </b>Reopened<br/><b>Features: </b>Exercise Equipment"
"Brooklyn","Completely Locked","06/23/2020 02:56:55 PM","Exercise Equipment","B193","Hamilton Metz Field","B193","Hamilton Metz Field","UnderConstruction",-73.940965200053,40.6625664067098,"04/10/2020 01:00:52 PM","","AdultExerciseEquip","Hamilton Metz Field, Brooklyn, NY<br/><b>Status: </b>UnderConstruction<br/><b>Features: </b>Exercise Equipment"
"Queens","Completely Locked","06/22/2020 05:16:50 PM","Exercise Equipment","Q205A","Big Bush Playground","Q205A","Big Bush Playground","Reopened",-73.902627972258,40.7396080387653,"04/11/2020 05:46:31 PM","","AdultExerciseEquip","Big Bush Playground, Queens, NY<br/><b>Status: </b>Reopened<br/><b>Features: </b>Exercise Equipment"
"Brooklyn","Taped Off","06/23/2020 02:55:32 PM","Exercise Equipment","B087","Sunset Park","B087","Sunset Park","Reopened",-74.0037434059693,40.6479763020161,"04/10/2020 12:37:25 PM","06/22/2020 12:00:00 AM","AdultExerciseEquip","Sunset Park, Brooklyn, NY<br/><b>Status: </b>Reopened<br/><b>Features: </b>Exercise Equipment"
"Bronx","Temporary Fencing","06/22/2020 09:31:09 AM","Exercise Equipment","X041","Pulaski Park","X041","Pulaski Park","Reopened",-73.924565685391,40.8052423131876,"04/13/2020 01:33:19 PM","06/21/2020 12:00:00 AM","AdultExerciseEquip","Pulaski Park, Bronx, NY<br/><b>Status: </b>Reopened<br/><b>Features: </b>Exercise Equipment"
"Brooklyn","Completely Locked","06/22/2020 02:20:32 PM","Exercise Equipment","B266","Star Spangled Playground","B266","Star Spangled Playground","Reopened",-73.9579531822366,40.6918960325858,"04/10/2020 12:26:32 PM","06/22/2020 12:00:00 AM","AdultExerciseEquip","Star Spangled Playground, Brooklyn, NY<br/><b>Status: </b>Reopened<br/><b>Features: </b>Exercise Equipment"
"Brooklyn","Completely Locked","06/22/2020 01:11:04 PM","Exercise Equipment","B110","Marion Hopkinson Playground","B110","Marion Hopkinson Playground","Reopened",-73.9133197132161,40.6817811553008,"04/10/2020 05:01:31 PM","06/20/2020 12:00:00 AM","AdultExerciseEquip","Marion Hopkinson Playground, Brooklyn, NY<br/><b>Status: </b>Reopened<br/><b>Features: </b>Exercise Equipment"
"Brooklyn","Completely Locked","06/22/2020 03:21:15 PM","Exercise Equipment","B055","Sternberg Park","B055","Sternberg Park","Reopened",-73.9472441244316,40.7062266437065,"04/10/2020 11:36:06 AM","06/21/2020 12:00:00 AM","AdultExerciseEquip","Sternberg Park, Brooklyn, NY<br/><b>Status: </b>Reopened<br/><b>Features: </b>Exercise Equipment"
"Bronx","Temporary Fencing","06/22/2020 10:00:13 AM","Exercise Equipment","X029","Lyons Square Playground","X029","Lyons Square Park","Reopened",-73.888070898547,40.822774927416,"04/14/2020 11:20:43 AM","06/21/2020 12:00:00 AM","AdultExerciseEquip","Lyons Square Playground, Bronx, NY<br/><b>Status: </b>Reopened<br/><b>Features: </b>Exercise Equipment"
"Queens","Temporary Fencing","06/23/2020 11:03:53 AM","Exercise Equipment","Q448-ZN03","Roy Wilkins Recreation Center","Q448","Roy Wilkins Rec Center Zone 3","Reopened",-73.7738591618372,40.6881653492098,"04/12/2020 05:18:58 PM","06/23/2020 11:00:00 AM","AdultExerciseEquip","Roy Wilkins Recreation Center, Queens, NY<br/><b>Status: </b>Reopened<br/><b>Features: </b>Exercise Equipment"
"Queens","Temporary Fencing","06/22/2020 10:20:18 AM","Exercise Equipment","Q300-05","Kissena Corridor Park","Q300","Rachel Carson Playground","Reopened",-73.822358580418,40.749125525041,"04/11/2020 07:27:04 PM","06/22/2020 10:20:14 AM","AdultExerciseEquip","Kissena Corridor Park, Queens, NY<br/><b>Status: </b>Reopened<br/><b>Features: </b>Exercise Equipment"
"Manhattan","Completely Locked","06/19/2020 10:01:28 AM","Exercise Equipment","M064","Lillian D Wald Playground","M064","Lillian D Wald Playground","Reopened",-73.9843637297132,40.7120416457223,"04/10/2020 11:56:13 AM","06/19/2020 12:00:00 AM","AdultExerciseEquip","Lillian D Wald Playground, Manhattan, NY<br/><b>Status: </b>Reopened<br/><b>Features: </b>Exercise Equipment"
"Queens","","06/23/2020 03:43:44 PM","Exercise Equipment","Q163-ZN07A","Rockaway Beach and Boardwalk Zone","Q163","Rockaway Beach and Boardwalk Zone 7a","Active",-73.8237001723139,40.581331913553,"","06/07/2020 12:00:00 AM","AdultExerciseEquip","Rockaway Beach and Boardwalk Zone, Queens, NY<br/><b>Status: </b>Active<br/><b>Features: </b>Exercise Equipment"
"Bronx","","04/09/2020 03:24:38 PM","Exercise Equipment","X002-ZN03","Bronx Park","X002","Bronx Park Zone 3","Active",-73.8711970119914,40.8704091318215,"","","AdultExerciseEquip","Bronx Park, Bronx, NY<br/><b>Status: </b>Active<br/><b>Features: </b>Exercise Equipment"
"Queens","Completely Locked","06/21/2020 07:04:08 PM","Exercise Equipment","Q131","Frank Principe Park","Q131","Frank Principe Park","Reopened",-73.9047391287144,40.7274674159166,"04/11/2020 05:53:11 PM","06/21/2020 10:00:00 AM","AdultExerciseEquip","Frank Principe Park, Queens, NY<br/><b>Status: </b>Reopened<br/><b>Features: </b>Exercise Equipment"
"Bronx","Completely Locked","06/22/2020 10:25:41 AM","Exercise Equipment","X085","Slattery Playground","X085","Slattery Playground","Reopened",-73.8984804340804,40.8573059016117,"04/16/2020 02:39:16 PM","06/21/2020 12:00:00 AM","AdultExerciseEquip","Slattery Playground, Bronx, NY<br/><b>Status: </b>Reopened<br/><b>Features: </b>Exercise Equipment"
"Queens","","06/23/2020 09:27:34 AM","Exercise Equipment","Q361","Moore Homestead Playground","Q361","Moore Homestead Playground","UnderConstruction",-73.8823970452108,40.7421419400895,"","","AdultExerciseEquip","Moore Homestead Playground, Queens, NY<br/><b>Status: </b>UnderConstruction<br/><b>Features: </b>Exercise Equipment"
"Brooklyn","Completely Locked","06/22/2020 11:37:27 AM","Exercise Equipment","B283","Belmont Playground","B283","Belmont Playground","Reopened",-73.8628422086406,40.6754935543911,"04/10/2020 04:59:50 PM","06/20/2020 12:00:00 AM","AdultExerciseEquip","Belmont Playground, Brooklyn, NY<br/><b>Status: </b>Reopened<br/><b>Features: </b>Exercise Equipment"
"Queens","Temporary Fencing","06/23/2020 09:23:00 AM","Exercise Equipment","Q410","Hinton Park","Q410","Hinton Park","Reopened",-73.8549427157764,40.756011234788,"04/11/2020 05:57:18 PM","06/23/2020 09:15:00 AM","AdultExerciseEquip","Hinton Park, Queens, NY<br/><b>Status: </b>Reopened<br/><b>Features: </b>Exercise Equipment"
"Brooklyn","Blocked with Barricade","06/22/2020 12:23:12 PM","Exercise Equipment","B078","Grace Playground","B078","Grace Playground","Reopened",-73.8944393083876,40.6713747400491,"04/10/2020 04:57:22 PM","06/20/2020 12:00:00 AM","AdultExerciseEquip","Grace Playground, Brooklyn, NY<br/><b>Status: </b>Reopened<br/><b>Features: </b>Exercise Equipment"
"Queens","Temporary Fencing","06/21/2020 07:38:51 PM","Exercise Equipment","Q051","St. Albans Park","Q051","St. Albans Park","Reopened",-73.7793156908079,40.6930401753792,"04/12/2020 05:32:18 PM","06/21/2020 02:30:00 PM","AdultExerciseEquip","St. Albans Park, Queens, NY<br/><b>Status: </b>Reopened<br/><b>Features: </b>Exercise Equipment"
"Brooklyn","Blocked with Barricade","06/22/2020 01:09:16 PM","Exercise Equipment","B219","Callahan-Kelly Playground","B219","Callahan-Kelly Playground","Reopened",-73.9053141691572,40.6783597533944,"04/10/2020 05:02:29 PM","06/21/2020 12:00:00 AM","AdultExerciseEquip","Callahan-Kelly Playground, Brooklyn, NY<br/><b>Status: </b>Reopened<br/><b>Features: </b>Exercise Equipment"
"Brooklyn","Completely Locked","06/22/2020 03:03:10 PM","Exercise Equipment","B058-ZN02","McCarren Park","B058","McCarren Park Zone 2","Reopened",-73.9513912390274,40.7200251227083,"04/17/2020 10:39:45 AM","06/21/2020 12:00:00 AM","AdultExerciseEquip","McCarren Park, Brooklyn, NY<br/><b>Status: </b>Reopened<br/><b>Features: </b>Exercise Equipment"
"Brooklyn","","04/09/2020 03:15:34 PM","Exercise Equipment","B137","Sixteen Sycamores Playground","B137","Sixteen Sycamores Playground","Active",-73.9810056827376,40.6867917268052,"","","AdultExerciseEquip","Sixteen Sycamores Playground, Brooklyn, NY<br/><b>Status: </b>Active<br/><b>Features: </b>Exercise Equipment"
"Manhattan","Temporary Fencing","06/22/2020 04:25:59 PM","Exercise Equipment","M111","James Weldon Johnson Playground","M111","James Weldon Johnson Playground","Reopened",-73.9418567217015,40.7971783560792,"04/13/2020 01:17:18 PM","06/21/2020 12:00:00 AM","AdultExerciseEquip","James Weldon Johnson Playground, Manhattan, NY<br/><b>Status: </b>Reopened<br/><b>Features: </b>Exercise Equipment"
"Bronx","Partially Locked","06/22/2020 09:54:58 AM","Exercise Equipment","X194","Captain Rivera Playground","X194","Captain Rivera Playground","Reopened",-73.9069325945975,40.8179342671832,"04/10/2020 10:08:35 AM","06/21/2020 12:00:00 AM","AdultExerciseEquip","Captain Rivera Playground, Bronx, NY<br/><b>Status: </b>Reopened<br/><b>Features: </b>Exercise Equipment"
"Queens","Completely Locked","06/22/2020 05:15:15 PM","Exercise Equipment","Q099-01","Flushing Meadows Corona Park","Q099","World's Fair Playground","Reopened",-73.8459016893505,40.7375214845361,"04/11/2020 06:17:56 PM","","AdultExerciseEquip","Flushing Meadows Corona Park, Queens, NY<br/><b>Status: </b>Reopened<br/><b>Features: </b>Exercise Equipment"
"Queens","Temporary Fencing","06/21/2020 07:52:25 PM","Exercise Equipment","Q106","Daniel M. O'Connell Playground","Q106","Daniel M. O'Connell Playground","Reopened",-73.7580972873256,40.6998678123501,"04/11/2020 07:01:26 PM","06/21/2020 02:30:00 PM","AdultExerciseEquip","Daniel M. O'Connell Playground, Queens, NY<br/><b>Status: </b>Reopened<br/><b>Features: </b>Exercise Equipment"
"Bronx","Blocked with Barricade","06/22/2020 10:28:38 AM","Exercise Equipment","X111","Cedar Playground","X111","Cedar Playground","Reopened",-73.9173885905747,40.8551222357328,"04/16/2020 11:49:39 AM","06/21/2020 12:00:00 AM","AdultExerciseEquip","Cedar Playground, Bronx, NY<br/><b>Status: </b>Reopened<br/><b>Features: </b>Exercise Equipment"
"Staten Island","","04/09/2020 03:20:54 PM","Exercise Equipment","R005-ZN04","Clove Lakes Park","R005","Clove Lakes Park Zone 4","Active",-74.1207116377569,40.6246963679996,"","","AdultExerciseEquip","Clove Lakes Park, Staten Island, NY<br/><b>Status: </b>Active<br/><b>Features: </b>Exercise Equipment"
"Queens","Completely Locked","06/21/2020 07:51:32 PM","Exercise Equipment","Q005-01","Baisley Pond Park","Q005","Sutphin Playground","Reopened",-73.789076327717,40.6747533251112,"04/11/2020 06:54:38 PM","06/21/2020 02:30:00 PM","AdultExerciseEquip","Baisley Pond Park, Queens, NY<br/><b>Status: </b>Reopened<br/><b>Features: </b>Exercise Equipment"
"Manhattan","","04/15/2020 04:31:07 PM","Exercise Equipment","M099","J. Hood Wright Park","M099","J. Hood Wright Park","Active",-73.9409453399472,40.8463557513885,"","","AdultExerciseEquip","J. Hood Wright Park, Manhattan, NY<br/><b>Status: </b>Active<br/><b>Features: </b>Exercise Equipment"
"Manhattan","Blocked with Barricade","06/22/2020 05:19:04 PM","Exercise Equipment","M289","East River Esplanade","M289","East River Esplanade","Reopened",-73.969684762953,40.7458688275249,"04/10/2020 11:54:49 AM","06/21/2020 12:00:00 AM","AdultExerciseEquip","East River Esplanade, Manhattan, NY<br/><b>Status: </b>Reopened<br/><b>Features: </b>Exercise Equipment"
"Brooklyn","","04/09/2020 03:15:34 PM","Exercise Equipment","B295","Oxport Playground","B295","Oxport Playground","Active",-73.9762438573247,40.6976044852804,"","","AdultExerciseEquip","Oxport Playground, Brooklyn, NY<br/><b>Status: </b>Active<br/><b>Features: </b>Exercise Equipment"
"Bronx","Completely Locked","06/22/2020 11:19:22 AM","Exercise Equipment","X253","Ambrosini Field","X253","Ambrosini Field","Reopened",-73.7833929633407,40.8445008858616,"04/10/2020 02:15:47 PM","06/21/2020 12:00:00 AM","AdultExerciseEquip","Ambrosini Field, Bronx, NY<br/><b>Status: </b>Reopened<br/><b>Features: </b>Exercise Equipment"
"Queens","Temporary Fencing","06/19/2020 01:59:41 PM","Exercise Equipment","Q021-03","Cunningham Park","Q021","210 St Playground","Reopened",-73.7653387607249,40.7392538740078,"04/11/2020 07:21:57 PM","06/19/2020 01:59:39 PM","AdultExerciseEquip","Cunningham Park, Queens, NY<br/><b>Status: </b>Reopened<br/><b>Features: </b>Exercise Equipment"
"Queens","","04/09/2020 03:18:23 PM","Exercise Equipment","Q162J01","Beach 9 Playground","Q162J01","Beach 9 Playground","Active",-73.7450264620596,40.5952950243855,"","","AdultExerciseEquip","Beach 9 Playground, Queens, NY<br/><b>Status: </b>Active<br/><b>Features: </b>Exercise Equipment"
"Brooklyn","","04/10/2020 04:00:56 PM","Exercise Equipment","B068","Parade Ground","B068","Parade Ground","Active",-73.9683536516401,40.6508646283649,"","","AdultExerciseEquip","Parade Ground, Brooklyn, NY<br/><b>Status: </b>Active<br/><b>Features: </b>Exercise Equipment"
"Brooklyn","Completely Locked","06/22/2020 01:37:56 PM","Exercise Equipment","B018-ZN03","Canarsie Park","B018","Canarsie Park Zone 3","Reopened",-73.8967247065833,40.6256647399516,"04/10/2020 04:40:03 PM","06/22/2020 12:00:00 AM","AdultExerciseEquip","Canarsie Park, Brooklyn, NY<br/><b>Status: </b>Reopened<br/><b>Features: </b>Exercise Equipment"
"Manhattan","Completely Locked","06/22/2020 04:19:21 PM","Exercise Equipment","M184","Samuel N. Bennerson 2nd Playground","M184","Samuel N. Bennerson 2nd Playground","Reopened",-73.9869538449331,40.7738239425804,"04/09/2020 03:22:59 PM","06/21/2020 12:00:00 AM","AdultExerciseEquip","Samuel N. Bennerson 2nd Playground, Manhattan, NY<br/><b>Status: </b>Reopened<br/><b>Features: </b>Exercise Equipment"
"Brooklyn","Completely Locked","06/22/2020 02:31:33 PM","Exercise Equipment","B429","Hope Ballfield","B429","Hope Ballfield","Reopened",-73.9171354520665,40.6974840467745,"05/21/2020 11:52:23 AM","06/22/2020 12:00:00 AM","AdultExerciseEquip","Hope Ballfield, Brooklyn, NY<br/><b>Status: </b>Reopened<br/><b>Features: </b>Exercise Equipment"
"Bronx","Completely Locked","06/22/2020 11:04:19 AM","Exercise Equipment","X160","Caserta Playground","X160","Caserta Playground","Reopened",-73.8540294532113,40.837337871101,"04/10/2020 02:23:28 PM","06/21/2020 12:00:00 AM","AdultExerciseEquip","Caserta Playground, Bronx, NY<br/><b>Status: </b>Reopened<br/><b>Features: </b>Exercise Equipment"
"Brooklyn","Completely Locked","06/22/2020 01:39:54 PM","Exercise Equipment","B352","Curtis Playground","B352","Curtis Playground","Reopened",-73.9174152275701,40.6409520818365,"04/10/2020 04:46:57 PM","06/22/2020 12:00:00 AM","AdultExerciseEquip","Curtis Playground, Brooklyn, NY<br/><b>Status: </b>Reopened<br/><b>Features: </b>Exercise Equipment"
"Bronx","Completely Locked","06/22/2020 09:53:27 AM","Exercise Equipment","X146","Flynn Playground","X146","Flynn Playground","Reopened",-73.9119327887586,40.8210446150277,"04/10/2020 10:08:58 AM","06/21/2020 12:00:00 AM","AdultExerciseEquip","Flynn Playground, Bronx, NY<br/><b>Status: </b>Reopened<br/><b>Features: </b>Exercise Equipment"
"Bronx","Completely Locked","06/22/2020 10:55:22 AM","Exercise Equipment","X123","Noble Playground","X123","Noble Playground","Reopened",-73.8722518009381,40.8373096478027,"04/10/2020 02:22:43 PM","06/21/2020 12:00:00 AM","AdultExerciseEquip","Noble Playground, Bronx, NY<br/><b>Status: </b>Reopened<br/><b>Features: </b>Exercise Equipment"
"Queens","Temporary Fencing","06/23/2020 11:17:19 AM","Exercise Equipment","Q099-20","Flushing Meadows Corona Park","Q099","Albert H. Mauro Playground","Reopened",-73.8272274300813,40.7233639523786,"04/11/2020 07:24:08 PM","06/23/2020 10:55:44 AM","AdultExerciseEquip","Flushing Meadows Corona Park, Queens, NY<br/><b>Status: </b>Reopened<br/><b>Features: </b>Exercise Equipment"
"Brooklyn","","04/09/2020 03:15:34 PM","Exercise Equipment","B151","Dome Playground","B151","Dome Playground","Active",-73.980194208446,40.6382066929522,"","","AdultExerciseEquip","Dome Playground, Brooklyn, NY<br/><b>Status: </b>Active<br/><b>Features: </b>Exercise Equipment"
"Staten Island","Completely Locked","06/23/2020 09:54:14 AM","Exercise Equipment","R090","Lieutenant John H. Martinson Playground","R090","Lieutenant John H. Martinson Playground","Reopened",-74.1626445163375,40.5368629340217,"04/09/2020 03:20:54 PM","06/22/2020 12:00:00 AM","AdultExerciseEquip","Lieutenant John H. Martinson Playground, Staten Island, NY<br/><b>Status: </b>Reopened<br/><b>Features: </b>Exercise Equipment"
"Brooklyn","","04/09/2020 03:15:34 PM","Exercise Equipment","B192","Russell Pedersen Playground","B192","Russell Pedersen Playground","Active",-74.0361807956367,40.6263814962528,"","","AdultExerciseEquip","Russell Pedersen Playground, Brooklyn, NY<br/><b>Status: </b>Active<br/><b>Features: </b>Exercise Equipment"
"Bronx","Completely Locked","06/22/2020 09:52:44 AM","Exercise Equipment","X353","Yolanda Garc√≠a Park","X353","Yolanda Garcia Park","Reopened",-73.9138083016941,40.8231039203689,"04/10/2020 10:26:40 AM","06/21/2020 12:00:00 AM","AdultExerciseEquip","Yolanda Garc√≠a Park, Bronx, NY<br/><b>Status: </b>Reopened<br/><b>Features: </b>Exercise Equipment"
"Manhattan","Completely Locked","06/19/2020 10:00:46 AM","Exercise Equipment","M144-ZN05","John V. Lindsay East River Park","M144","East River Park Zone 5","Reopened",-73.973599808061,40.7215740594433,"04/10/2020 11:58:13 AM","06/19/2020 12:00:00 AM","AdultExerciseEquip","John V. Lindsay East River Park, Manhattan, NY<br/><b>Status: </b>Reopened<br/><b>Features: </b>Exercise Equipment"
"Manhattan","","04/09/2020 03:22:58 PM","Exercise Equipment","M042-ZN02","Inwood Hill Park","M042","Inwood Hill Park Zone 2","Active",-73.9209261902131,40.8735438456456,"","","AdultExerciseEquip","Inwood Hill Park, Manhattan, NY<br/><b>Status: </b>Active<br/><b>Features: </b>Exercise Equipment"
"Brooklyn","","04/09/2020 03:15:34 PM","Exercise Equipment","B051","Kelly Park Playground","B051","Kelly Park Playground","Active",-73.9576420114582,40.6041785622681,"","","AdultExerciseEquip","Kelly Park Playground, Brooklyn, NY<br/><b>Status: </b>Active<br/><b>Features: </b>Exercise Equipment"
"Brooklyn","","04/09/2020 03:15:34 PM","Exercise Equipment","B275","Grady Playground","B275","Grady Playground","Active",-73.96471236516,40.5830531047965,"","","AdultExerciseEquip","Grady Playground, Brooklyn, NY<br/><b>Status: </b>Active<br/><b>Features: </b>Exercise Equipment"
"Queens","Temporary Fencing","06/21/2020 07:51:32 PM","Exercise Equipment","Q413","Rochdale Park","Q413","Rochdale Park","Reopened",-73.774423241374,40.6746707188891,"04/11/2020 07:32:19 PM","06/21/2020 02:30:00 PM","AdultExerciseEquip","Rochdale Park, Queens, NY<br/><b>Status: </b>Reopened<br/><b>Features: </b>Exercise Equipment"
"Queens","Completely Locked","06/21/2020 08:00:33 PM","Exercise Equipment","Q211","Maple Playground","Q211","Maple Playground","Reopened",-73.8260914706569,40.7558749496777,"04/11/2020 07:28:15 PM","06/21/2020 12:30:00 PM","AdultExerciseEquip","Maple Playground, Queens, NY<br/><b>Status: </b>Reopened<br/><b>Features: </b>Exercise Equipment"
"Bronx","Temporary Fencing","06/22/2020 11:19:43 AM","Exercise Equipment","X039-ZN01","Pelham Bay Park","X039","Aileen Ryan Rec. Complex","Reopened",-73.823549555991,40.8483866866509,"04/10/2020 02:15:17 PM","06/21/2020 12:00:00 AM","AdultExerciseEquip","Pelham Bay Park, Bronx, NY<br/><b>Status: </b>Reopened<br/><b>Features: </b>Exercise Equipment"
"Brooklyn","Completely Locked","06/25/2020 01:57:53 PM","Exercise Equipment","B263","Sumner Playground","B263","Sumner Playground","Reopened",-73.9427592079401,40.6972757305256,"04/10/2020 12:01:47 PM","06/25/2020 12:00:00 AM","AdultExerciseEquip","Sumner Playground, Brooklyn, NY<br/><b>Status: </b>Reopened<br/><b>Features: </b>Exercise Equipment"
"Queens","Temporary Fencing","06/21/2020 11:41:39 AM","Exercise Equipment","Q008-01","Brookville Park","Q008","Brookville Playground","Reopened",-73.7414404716058,40.663212483149,"04/11/2020 07:33:20 PM","06/21/2020 11:45:00 AM","AdultExerciseEquip","Brookville Park, Queens, NY<br/><b>Status: </b>Reopened<br/><b>Features: </b>Exercise Equipment"
"Queens","Completely Locked","06/21/2020 05:11:23 PM","Exercise Equipment","Q382","Cardozo Playground","Q382","Cardozo Playground","Reopened",-73.7865681101851,40.5932390059611,"04/11/2020 07:36:25 PM","06/21/2020 02:30:00 PM","AdultExerciseEquip","Cardozo Playground, Queens, NY<br/><b>Status: </b>Reopened<br/><b>Features: </b>Exercise Equipment"
"Queens","","04/09/2020 03:18:23 PM","Exercise Equipment","Q162J","Beach 17 Playground","Q162J","Beach 17 Playground","Active",-73.7488044685111,40.5944897409066,"","","AdultExerciseEquip","Beach 17 Playground, Queens, NY<br/><b>Status: </b>Active<br/><b>Features: </b>Exercise Equipment"
"Brooklyn","","06/22/2020 01:36:30 PM","Exercise Equipment","B018-01","Canarsie Park","B018","Dinapoli Plgd","UnderConstruction",-73.8929909301427,40.6308256536661,"","","AdultExerciseEquip","Canarsie Park, Brooklyn, NY<br/><b>Status: </b>UnderConstruction<br/><b>Features: </b>Exercise Equipment"
"Brooklyn","","04/09/2020 03:15:34 PM","Exercise Equipment","B106B","Lafayette Playground","B106B","Lafayette Playground","Active",-73.9852898442002,40.5945088294056,"","","AdultExerciseEquip","Lafayette Playground, Brooklyn, NY<br/><b>Status: </b>Active<br/><b>Features: </b>Exercise Equipment"
"Brooklyn","","04/09/2020 03:15:34 PM","Exercise Equipment","B073-ZN06","Prospect Park","B073","Prospect Park Southwest Lower","Active",-73.9727203670919,40.6548330000262,"","","AdultExerciseEquip","Prospect Park, Brooklyn, NY<br/><b>Status: </b>Active<br/><b>Features: </b>Exercise Equipment"
"Bronx","Temporary Fencing","06/22/2020 09:35:51 AM","Exercise Equipment","X045-01","St. Mary's Park","X045","St Mary's Playground East","Reopened",-73.9104894866682,40.8102807321832,"04/10/2020 10:05:18 AM","06/21/2020 12:00:00 AM","AdultExerciseEquip","St. Mary's Park, Bronx, NY<br/><b>Status: </b>Reopened<br/><b>Features: </b>Exercise Equipment"
"Manhattan","Completely Locked","06/29/2020 11:01:45 AM","Exercise Equipment","M029-01","Fort Tryon Park","M029","Jacob Javits Plgd","Reopened",-73.9344719040704,40.8589069725352,"04/10/2020 11:39:34 AM","06/21/2020 12:00:00 AM","AdultExerciseEquip","Fort Tryon Park, Manhattan, NY<br/><b>Status: </b>Reopened<br/><b>Features: </b>Exercise Equipment"
"Staten Island","","04/09/2020 03:20:54 PM","Exercise Equipment","R125","Lopez Playground","R125","Lopez Playground","Active",-74.0850541955786,40.6114866685264,"","","AdultExerciseEquip","Lopez Playground, Staten Island, NY<br/><b>Status: </b>Active<br/><b>Features: </b>Exercise Equipment"
"Brooklyn","Completely Locked","06/22/2020 12:30:24 PM","Exercise Equipment","B246","Jerome Playground","B246","Jerome Playground","Reopened",-73.8795907888836,40.6589256876311,"04/10/2020 04:59:19 PM","06/20/2020 12:00:00 AM","AdultExerciseEquip","Jerome Playground, Brooklyn, NY<br/><b>Status: </b>Reopened<br/><b>Features: </b>Exercise Equipment"
"Bronx","Partially Locked","06/22/2020 11:01:25 AM","Exercise Equipment","X088-ZN02","Pugsley Creek Park","X088","Pugsley Creek Park Zone 2","Reopened",-73.8522476643361,40.8125106824212,"04/10/2020 02:21:54 PM","06/21/2020 12:00:00 AM","AdultExerciseEquip","Pugsley Creek Park, Bronx, NY<br/><b>Status: </b>Reopened<br/><b>Features: </b>Exercise Equipment"
"Queens","Temporary Fencing","06/19/2020 02:02:20 PM","Exercise Equipment","Q129","Phil ""Scooter"" Rizzuto Park","Q129","Phil ""Scooter"" Rizzuto Park","Reopened",-73.821586656512,40.6947929514848,"04/11/2020 06:56:49 PM","06/19/2020 02:01:52 PM","AdultExerciseEquip","Phil ""Scooter"" Rizzuto Park, Queens, NY<br/><b>Status: </b>Reopened<br/><b>Features: </b>Exercise Equipment"
"Brooklyn","Completely Locked","06/23/2020 02:55:47 PM","Exercise Equipment","B118A","St. Mary's Park","B118A","St. Mary's Park","Reopened",-73.9972199051525,40.6764312262666,"04/10/2020 12:35:58 PM","06/22/2020 12:00:00 AM","AdultExerciseEquip","St. Mary's Park, Brooklyn, NY<br/><b>Status: </b>Reopened<br/><b>Features: </b>Exercise Equipment"
"Brooklyn","","04/09/2020 03:15:34 PM","Exercise Equipment","B285","Harry Maze Playground","B285","Harry Maze Playground","Active",-73.9231758776456,40.6434178386813,"","","AdultExerciseEquip","Harry Maze Playground, Brooklyn, NY<br/><b>Status: </b>Active<br/><b>Features: </b>Exercise Equipment"
"Queens","Completely Locked","06/22/2020 02:25:20 PM","Exercise Equipment","Q450","Corona Golf Playground","Q450","Corona Golf Playground","Reopened",-73.8546113034708,40.7475823814804,"04/11/2020 06:07:49 PM","06/22/2020 02:25:18 PM","AdultExerciseEquip","Corona Golf Playground, Queens, NY<br/><b>Status: </b>Reopened<br/><b>Features: </b>Exercise Equipment"
"Queens","","06/21/2020 07:54:13 PM","Exercise Equipment","Q004-ZN01","Astoria Park","Q004","Astoria Park Zone 1","Reopened",-73.9250723759056,40.7767300402761,"04/13/2020 03:34:45 PM","06/21/2020 01:00:00 PM","AdultExerciseEquip","Astoria Park, Queens, NY<br/><b>Status: </b>Reopened<br/><b>Features: </b>Exercise Equipment"
"Queens","Completely Locked","06/22/2020 05:15:49 PM","Exercise Equipment","Q031","Lawrence Virgilio Playground","Q031","Lawrence Virgilio Playground","Reopened",-73.910747220155,40.7474700690462,"04/11/2020 05:45:14 PM","","AdultExerciseEquip","Lawrence Virgilio Playground, Queens, NY<br/><b>Status: </b>Reopened<br/><b>Features: </b>Exercise Equipment"
"Brooklyn","Completely Locked","06/22/2020 04:17:04 PM","Exercise Equipment","B007","Bensonhurst Park","B007","Bensonhurst Park","Reopened",-74.0013022644802,40.596512856449,"04/10/2020 11:54:36 AM","06/22/2020 12:00:00 AM","AdultExerciseEquip","Bensonhurst Park, Brooklyn, NY<br/><b>Status: </b>Reopened<br/><b>Features: </b>Exercise Equipment"
"Bronx","Completely Locked","06/22/2020 11:00:01 AM","Exercise Equipment","X204","Story Playground","X204","Story Playground","Reopened",-73.8628438918963,40.8229134353993,"04/20/2020 10:59:13 AM","06/21/2020 12:00:00 AM","AdultExerciseEquip","Story Playground, Bronx, NY<br/><b>Status: </b>Reopened<br/><b>Features: </b>Exercise Equipment"
"Manhattan","Completely Locked","06/22/2020 05:17:37 PM","Exercise Equipment","M263","Bellevue South Park","M263","Bellevue South Park","Reopened",-73.9780575486674,40.7400325588261,"04/10/2020 11:52:24 AM","06/21/2020 12:00:00 AM","AdultExerciseEquip","Bellevue South Park, Manhattan, NY<br/><b>Status: </b>Reopened<br/><b>Features: </b>Exercise Equipment"
"Queens","Completely Locked","06/21/2020 07:56:32 PM","Exercise Equipment","Q474","Simeone Park","Q474","Simeone Park","Reopened",-73.8599236103271,40.7409795313811,"04/11/2020 06:09:46 PM","06/21/2020 01:00:00 PM","AdultExerciseEquip","Simeone Park, Queens, NY<br/><b>Status: </b>Reopened<br/><b>Features: </b>Exercise Equipment"
"Bronx","","04/09/2020 03:24:38 PM","Exercise Equipment","X002-ZN05A","Bronx Park","X002","Bronx River Parkway East (South Half)","Active",-73.867856871927,40.8813584342983,"","","AdultExerciseEquip","Bronx Park, Bronx, NY<br/><b>Status: </b>Active<br/><b>Features: </b>Exercise Equipment"
"Brooklyn","","06/22/2020 04:39:12 PM","Exercise Equipment","B221","Steuben Playground","B221","Steuben Playground","Reopened",-73.9634580775988,40.6974449187047,"","06/22/2020 12:00:00 AM","AdultExerciseEquip","Steuben Playground, Brooklyn, NY<br/><b>Status: </b>Reopened<br/><b>Features: </b>Exercise Equipment"
"Brooklyn","","04/09/2020 03:15:34 PM","Exercise Equipment","B060-01","McKinley Park","B060","McKinley Park Playground","Active",-74.0168607921879,40.6263889327547,"","","AdultExerciseEquip","McKinley Park, Brooklyn, NY<br/><b>Status: </b>Active<br/><b>Features: </b>Exercise Equipment"
"Queens","Temporary Fencing","06/21/2020 07:12:37 PM","Exercise Equipment","Q360M","Frontera Park","Q360M","Frontera Park","Reopened",-73.8953707957513,40.724676062075,"04/11/2020 05:52:31 PM","06/21/2020 07:12:34 PM","AdultExerciseEquip","Frontera Park, Queens, NY<br/><b>Status: </b>Reopened<br/><b>Features: </b>Exercise Equipment"
"Manhattan","Completely Locked","06/19/2020 10:01:46 AM","Exercise Equipment","M088","Tompkins Square Park","M088","Tompkins Square Park","Reopened",-73.9817129425862,40.7264520653143,"04/10/2020 11:57:46 AM","06/19/2020 12:00:00 AM","AdultExerciseEquip","Tompkins Square Park, Manhattan, NY<br/><b>Status: </b>Reopened<br/><b>Features: </b>Exercise Equipment"
"Brooklyn","Completely Locked","06/22/2020 02:31:08 PM","Exercise Equipment","B139","Heckscher Playground","B139","Heckscher Playground","Reopened",-73.9182682354429,40.6951149067336,"04/10/2020 12:28:31 PM","06/22/2020 12:00:00 AM","AdultExerciseEquip","Heckscher Playground, Brooklyn, NY<br/><b>Status: </b>Reopened<br/><b>Features: </b>Exercise Equipment"
"Brooklyn","","04/09/2020 03:15:34 PM","Exercise Equipment","B296","Luna Playground","B296","Luna Playground","Active",-73.9784012305104,40.5760948817291,"","","AdultExerciseEquip","Luna Playground, Brooklyn, NY<br/><b>Status: </b>Active<br/><b>Features: </b>Exercise Equipment"
"Bronx","Completely Locked","06/22/2020 10:36:29 AM","Exercise Equipment","X020","Fort Independence Playground","X020","Fort Independence Playground","Reopened",-73.8949071736126,40.881891241268,"04/17/2020 01:49:58 PM","06/21/2020 12:00:00 AM","AdultExerciseEquip","Fort Independence Playground, Bronx, NY<br/><b>Status: </b>Reopened<br/><b>Features: </b>Exercise Equipment"
"Bronx","Completely Locked","06/22/2020 10:22:27 AM","Exercise Equipment","X108","Belmont Playground","X108","Belmont Playground","Reopened",-73.8876937082305,40.8502878434943,"04/10/2020 10:28:53 AM","06/21/2020 12:00:00 AM","AdultExerciseEquip","Belmont Playground, Bronx, NY<br/><b>Status: </b>Reopened<br/><b>Features: </b>Exercise Equipment"
"Queens","Temporary Fencing","06/21/2020 03:20:07 PM","Exercise Equipment","Q108","Laurelton Playground","Q108","Laurelton Playground","Reopened",-73.7365322073386,40.6700005457668,"04/11/2020 07:34:27 PM","06/21/2020 03:20:04 PM","AdultExerciseEquip","Laurelton Playground, Queens, NY<br/><b>Status: </b>Reopened<br/><b>Features: </b>Exercise Equipment"
"Manhattan","Completely Locked","06/22/2020 04:28:09 PM","Exercise Equipment","M058-01","Marcus Garvey Park","M058","Mt. Morris East","Reopened",-73.9430975162862,40.8033260330718,"04/13/2020 01:11:34 PM","06/21/2020 12:00:00 AM","AdultExerciseEquip","Marcus Garvey Park, Manhattan, NY<br/><b>Status: </b>Reopened<br/><b>Features: </b>Exercise Equipment"
"Queens","Completely Locked","06/22/2020 05:18:19 PM","Exercise Equipment","Q314","Fresh Meadows Playground","Q314","Fresh Meadows Playground","Reopened",-73.7961838563653,40.7341168076291,"04/11/2020 07:22:56 PM","","AdultExerciseEquip","Fresh Meadows Playground, Queens, NY<br/><b>Status: </b>Reopened<br/><b>Features: </b>Exercise Equipment"
"Manhattan","Completely Locked","06/22/2020 03:34:12 PM","Exercise Equipment","M071-04","Riverside Park","M071","Neufeld Playground","Reopened",-73.9847317513597,40.7835153799266,"04/15/2020 04:34:05 PM","06/21/2020 12:00:00 AM","AdultExerciseEquip","Riverside Park, Manhattan, NY<br/><b>Status: </b>Reopened<br/><b>Features: </b>Exercise Equipment"
"Queens","Completely Locked","06/22/2020 02:23:02 PM","Exercise Equipment","Q098","Frank D. O'Connor Playground","Q098","Frank D. O'Connor Playground","Reopened",-73.8867229725182,40.7442470342751,"04/11/2020 05:51:28 PM","06/22/2020 02:22:55 PM","AdultExerciseEquip","Frank D. O'Connor Playground, Queens, NY<br/><b>Status: </b>Reopened<br/><b>Features: </b>Exercise Equipment"
"Bronx","Completely Locked","06/22/2020 09:33:25 AM","Exercise Equipment","X238","Saw Mill Playground","X238","Saw Mill Playground","Reopened",-73.9193732942623,40.8089131054485,"04/10/2020 10:06:45 AM","06/21/2020 12:00:00 AM","AdultExerciseEquip","Saw Mill Playground, Bronx, NY<br/><b>Status: </b>Reopened<br/><b>Features: </b>Exercise Equipment"
"Brooklyn","Partially Locked","06/22/2020 02:17:39 PM","Exercise Equipment","B258","Brevoort Playground","B258","Brevoort Playground","Reopened",-73.9227610148084,40.6804702211815,"04/10/2020 12:12:20 PM","06/22/2020 12:00:00 AM","AdultExerciseEquip","Brevoort Playground, Brooklyn, NY<br/><b>Status: </b>Reopened<br/><b>Features: </b>Exercise Equipment"
"Staten Island","Completely Locked","06/22/2020 02:41:30 PM","Exercise Equipment","R068","The Big Park","R068","The Big Park","Reopened",-74.1645127511303,40.6308095757155,"04/09/2020 03:20:54 PM","06/22/2020 12:00:00 AM","AdultExerciseEquip","The Big Park, Staten Island, NY<br/><b>Status: </b>Reopened<br/><b>Features: </b>Exercise Equipment"
"Brooklyn","Completely Locked","06/23/2020 12:56:11 PM","Exercise Equipment","B150","Kolbert Playground","B150","Kolbert Playground","Reopened",-73.958007598679,40.6200755887226,"04/10/2020 03:58:01 PM","06/22/2020 12:00:00 AM","AdultExerciseEquip","Kolbert Playground, Brooklyn, NY<br/><b>Status: </b>Reopened<br/><b>Features: </b>Exercise Equipment"
"Brooklyn","","04/09/2020 03:15:34 PM","Exercise Equipment","B274","Bayview Playground","B274","Bayview Playground","Active",-73.8869098497052,40.6349124083166,"","","AdultExerciseEquip","Bayview Playground, Brooklyn, NY<br/><b>Status: </b>Active<br/><b>Features: </b>Exercise Equipment"
"Bronx","Temporary Fencing","06/22/2020 10:29:48 AM","Exercise Equipment","X001-01","Aqueduct Walk","X001","Aqueduct Lands Plgd","Reopened",-73.9085817504089,40.8576966648175,"04/13/2020 12:05:26 PM","06/21/2020 12:00:00 AM","AdultExerciseEquip","Aqueduct Walk, Bronx, NY<br/><b>Status: </b>Reopened<br/><b>Features: </b>Exercise Equipment"
"Queens","Temporary Fencing","06/21/2020 08:02:29 PM","Exercise Equipment","Q381","Francis Lewis Playground","Q381","Francis Lewis Playground","Reopened",-73.7840316314891,40.7604368819328,"04/11/2020 07:29:59 PM","06/21/2020 12:30:00 PM","AdultExerciseEquip","Francis Lewis Playground, Queens, NY<br/><b>Status: </b>Reopened<br/><b>Features: </b>Exercise Equipment"
"Brooklyn","","04/09/2020 03:15:34 PM","Exercise Equipment","B057-ZN01","Marine Park","B057","Marine Park Zone 1","Active",-73.9364120127233,40.6082505198485,"","","AdultExerciseEquip","Marine Park, Brooklyn, NY<br/><b>Status: </b>Active<br/><b>Features: </b>Exercise Equipment"
"Brooklyn","Completely Locked","06/23/2020 12:55:05 PM","Exercise Equipment","B073-20","Prospect Park","B073","Harmony Playground","Reopened",-73.9769634460577,40.6634652888445,"04/10/2020 03:54:00 PM","06/22/2020 12:00:00 AM","AdultExerciseEquip","Prospect Park, Brooklyn, NY<br/><b>Status: </b>Reopened<br/><b>Features: </b>Exercise Equipment"
"Bronx","Completely Locked","06/22/2020 10:34:28 AM","Exercise Equipment","X038-02","Washington's Walk","X038","Fort #4 Playground","Reopened",-73.9008532264316,40.874664145208,"04/09/2020 03:52:15 PM","06/21/2020 12:00:00 AM","AdultExerciseEquip","Washington's Walk, Bronx, NY<br/><b>Status: </b>Reopened<br/><b>Features: </b>Exercise Equipment"
"Bronx","","06/22/2020 09:59:27 AM","Exercise Equipment","X307","Barretto Point Park","X307","Barretto Point Park","Reopened",-73.8883643806004,40.805000946996,"04/14/2020 12:10:33 PM","06/21/2020 12:00:00 AM","AdultExerciseEquip","Barretto Point Park, Bronx, NY<br/><b>Status: </b>Reopened<br/><b>Features: </b>Exercise Equipment"
"Manhattan","Temporary Fencing","06/22/2020 04:23:27 PM","Exercise Equipment","M186","Col. Young Playground","M186","Col. Young Playground","Reopened",-73.9355395825954,40.8192107201836,"04/13/2020 01:14:45 PM","06/21/2020 12:00:00 AM","AdultExerciseEquip","Col. Young Playground, Manhattan, NY<br/><b>Status: </b>Reopened<br/><b>Features: </b>Exercise Equipment"
"Bronx","Partially Locked","06/22/2020 11:10:13 AM","Exercise Equipment","X122","Colucci Playground","X122","Colucci Playground","Reopened",-73.8345824799192,40.8527786197757,"04/20/2020 12:02:40 PM","06/21/2020 12:00:00 AM","AdultExerciseEquip","Colucci Playground, Bronx, NY<br/><b>Status: </b>Reopened<br/><b>Features: </b>Exercise Equipment"
"Manhattan","Completely Locked","06/19/2020 10:01:05 AM","Exercise Equipment","M033","Hamilton Fish Park","M033","Hamilton Fish Park","Reopened",-73.9807655539747,40.7197026382651,"04/10/2020 11:55:48 AM","06/19/2020 12:00:00 AM","AdultExerciseEquip","Hamilton Fish Park, Manhattan, NY<br/><b>Status: </b>Reopened<br/><b>Features: </b>Exercise Equipment"
"Brooklyn","Completely Locked","06/22/2020 01:58:18 PM","Exercise Equipment","B337","Century Playground","B337","Century Playground","Reopened",-73.9703945595076,40.5770178971507,"04/10/2020 04:48:07 PM","06/22/2020 12:00:00 AM","AdultExerciseEquip","Century Playground, Brooklyn, NY<br/><b>Status: </b>Reopened<br/><b>Features: </b>Exercise Equipment"
"Queens","Temporary Fencing","06/21/2020 07:12:37 PM","Exercise Equipment","Q102-02","Juniper Valley Park","Q102","Juniper North Playground Tennis","Reopened",-73.8770958223488,40.7206548694851,"04/11/2020 06:19:09 PM","06/21/2020 07:12:34 PM","AdultExerciseEquip","Juniper Valley Park, Queens, NY<br/><b>Status: </b>Reopened<br/><b>Features: </b>Exercise Equipment"
"Brooklyn","Completely Locked","06/23/2020 02:56:00 PM","Exercise Equipment","B050","Van Voorhees Playground","B050","Van Voorhees Playground","Reopened",-73.9993216243683,40.6903114442468,"04/10/2020 12:32:15 PM","06/22/2020 12:00:00 AM","AdultExerciseEquip","Van Voorhees Playground, Brooklyn, NY<br/><b>Status: </b>Reopened<br/><b>Features: </b>Exercise Equipment"
"Queens","Completely Locked","06/21/2020 07:54:48 PM","Exercise Equipment","Q014","Astoria Heights Playground","Q014","Astoria Heights Playground","Reopened",-73.9117425235616,40.7604208530154,"04/11/2020 05:27:29 PM","06/21/2020 01:00:00 PM","AdultExerciseEquip","Astoria Heights Playground, Queens, NY<br/><b>Status: </b>Reopened<br/><b>Features: </b>Exercise Equipment"
"Brooklyn","Completely Locked","06/22/2020 01:07:19 PM","Exercise Equipment","B387","Hilltop Playground","B387","Hilltop Playground","Reopened",-73.9143385981963,40.675325642314,"04/10/2020 05:03:14 PM","06/20/2020 12:00:00 AM","AdultExerciseEquip","Hilltop Playground, Brooklyn, NY<br/><b>Status: </b>Reopened<br/><b>Features: </b>Exercise Equipment"
"Queens","Completely Locked","06/21/2020 07:49:34 PM","Exercise Equipment","Q414","Rocket Playground","Q414","Rocket Playground","Reopened",-73.8462785124084,40.6706678178842,"04/11/2020 06:48:44 PM","06/21/2020 02:30:00 PM","AdultExerciseEquip","Rocket Playground, Queens, NY<br/><b>Status: </b>Reopened<br/><b>Features: </b>Exercise Equipment"
"Bronx","Temporary Fencing","06/22/2020 09:37:20 AM","Exercise Equipment","X045-03","St. Mary's Park","X045","St Mary's Playground West","Reopened",-73.9132575856474,40.8127961999749,"04/10/2020 10:05:52 AM","06/21/2020 12:00:00 AM","AdultExerciseEquip","St. Mary's Park, Bronx, NY<br/><b>Status: </b>Reopened<br/><b>Features: </b>Exercise Equipment"
"Brooklyn","Temporary Fencing","06/22/2020 01:56:18 PM","Exercise Equipment","B169-ZN04B","Coney Island Beach & Boardwalk","B169","Coney Island Beach Zone 4b","Reopened",-73.9761225885982,40.5728296585137,"05/08/2020 04:10:04 PM","06/22/2020 12:00:00 AM","AdultExerciseEquip","Coney Island Beach & Boardwalk, Brooklyn, NY<br/><b>Status: </b>Reopened<br/><b>Features: </b>Exercise Equipment"
"Brooklyn","","04/09/2020 03:15:34 PM","Exercise Equipment","B016","Maria Hernandez Park","B016","Maria Hernandez Park","Active",-73.9238634006515,40.7031714432717,"","","AdultExerciseEquip","Maria Hernandez Park, Brooklyn, NY<br/><b>Status: </b>Active<br/><b>Features: </b>Exercise Equipment"
"Queens","","04/09/2020 03:18:23 PM","Exercise Equipment","Q162H","Beach 30th Street Playground","Q162H","Beach 30th Street Playground","Active",-73.762489336517,40.5924606537192,"","","AdultExerciseEquip","Beach 30th Street Playground, Queens, NY<br/><b>Status: </b>Active<br/><b>Features: </b>Exercise Equipment"
"Queens","","04/11/2020 01:19:59 PM","Exercise Equipment","Q215","Whitey Ford Field","Q215","Whitey Ford Field","Active",-73.9348355958943,40.7776469604362,"","","AdultExerciseEquip","Whitey Ford Field, Queens, NY<br/><b>Status: </b>Active<br/><b>Features: </b>Exercise Equipment"
"Brooklyn","Completely Locked","06/29/2020 09:20:56 AM","Exercise Equipment","B100","Seth Low Playground/ Bealin Square","B100","Seth Low Playground/ Bealin Square","Reopened",-73.9863623821369,40.6081384393859,"04/10/2020 03:58:34 PM","06/25/2020 12:00:00 AM","AdultExerciseEquip","Seth Low Playground/ Bealin Square, Brooklyn, NY<br/><b>Status: </b>Reopened<br/><b>Features: </b>Exercise Equipment"
"Queens","","04/11/2020 07:21:17 PM","Exercise Equipment","Q021-ZN02","Cunningham Park","Q021","Cunningham Park Zone 2","Active",-73.7735900319262,40.72969374006,"","","AdultExerciseEquip","Cunningham Park, Queens, NY<br/><b>Status: </b>Active<br/><b>Features: </b>Exercise Equipment"
"Manhattan","Completely Locked","06/22/2020 04:23:44 PM","Exercise Equipment","M160","Fred Samuel Playground","M160","Fred Samuel Playground","Reopened",-73.9392367175391,40.8171557464738,"04/13/2020 01:15:20 PM","06/21/2020 12:00:00 AM","AdultExerciseEquip","Fred Samuel Playground, Manhattan, NY<br/><b>Status: </b>Reopened<br/><b>Features: </b>Exercise Equipment"
"Manhattan","","04/09/2020 03:22:58 PM","Exercise Equipment","M042-ZN04","Inwood Hill Park","M042","Inwood Hill Park Zone 4 (Dyckman Fields)","Active",-73.9302748808981,40.8728418152752,"","","AdultExerciseEquip","Inwood Hill Park, Manhattan, NY<br/><b>Status: </b>Active<br/><b>Features: </b>Exercise Equipment"
"Queens","Completely Locked","06/23/2020 10:58:08 AM","Exercise Equipment","Q094","Tudor Park","Q094","Tudor Park","Reopened",-73.8521293858594,40.6726227422217,"04/11/2020 06:47:41 PM","06/21/2020 12:00:00 PM","AdultExerciseEquip","Tudor Park, Queens, NY<br/><b>Status: </b>Reopened<br/><b>Features: </b>Exercise Equipment"
"Bronx","Completely Locked","06/22/2020 09:55:40 AM","Exercise Equipment","X216","Abigail Playground","X216","Abigail Playground","Reopened",-73.9046419438737,40.8173138692528,"04/10/2020 10:07:23 AM","06/21/2020 12:00:00 AM","AdultExerciseEquip","Abigail Playground, Bronx, NY<br/><b>Status: </b>Reopened<br/><b>Features: </b>Exercise Equipment"
"Bronx","Completely Locked","06/22/2020 11:15:49 AM","Exercise Equipment","X169","Agnes Haywood Playground","X169","Agnes Haywood Playground","Reopened",-73.8618138158838,40.8802955891631,"04/10/2020 02:19:45 PM","06/21/2020 12:00:00 AM","AdultExerciseEquip","Agnes Haywood Playground, Bronx, NY<br/><b>Status: </b>Reopened<br/><b>Features: </b>Exercise Equipment"
"Queens","Completely Locked","06/21/2020 07:05:01 PM","Exercise Equipment","Q002","Grover Cleveland Playground","Q002","Grover Cleveland Playground","Reopened",-73.9111448916002,40.7108996658878,"04/11/2020 06:21:30 PM","06/21/2020 10:00:00 AM","AdultExerciseEquip","Grover Cleveland Playground, Queens, NY<br/><b>Status: </b>Reopened<br/><b>Features: </b>Exercise Equipment"
