Borough,ClosureType,EditDate,FeatureType,PropID,PropName,PropNum,SiteName,Status,point,Approx Date Closed,Approx Date Reopened
M,,04/14/2020 03:44:24 PM,Exercise Equipment,M045,John Jay Park,M045,John Jay Park,Active,POINT (-73.94948322669356 40.769238835653574),,
B,,04/09/2020 03:15:34 PM,Exercise Equipment,B025,Cooper Park,B025,Cooper Park,Active,POINT (-73.93724000264929 40.71585257942295),,
Q,Temporary Fencing,06/21/2020 11:39:52 AM,Exercise Equipment,Q134,Breininger Park,Q134,Breininger Park,Reopened,POINT (-73.72897475587081 40.725827895761014),04/11/2020 07:06:52 PM,06/21/2020 11:39:50 AM
B,Completely Locked,06/22/2020 02:12:49 PM,Exercise Equipment,B298,Stockton Playground,B298,Stockton Playground,Reopened,POINT (-73.94867376733984 40.697283737702975),04/10/2020 12:27:53 PM,06/22/2020 12:00:00 AM
Q,Completely Locked,06/23/2020 11:10:39 AM,Exercise Equipment,Q001-ZN01,Alley Pond Park,Q001,Alley Pond Park Zone 1,Reopened,POINT (-73.73626821207041 40.73949215306537),04/11/2020 07:14:22 PM,06/23/2020 11:10:37 AM
X,Temporary Fencing,06/22/2020 10:33:37 AM,Exercise Equipment,X137,Jerome Park,X137,Jerome Park,Reopened,POINT (-73.8919726294351 40.87865445534718),04/13/2020 12:01:05 PM,06/21/2020 12:00:00 AM
Q,Partially Locked,06/23/2020 09:25:50 AM,Exercise Equipment,Q026,Park Of The Americas,Q026,Park Of The Americas,Reopened,POINT (-73.86192271977383 40.74856510690505),04/13/2020 09:15:26 AM,06/23/2020 09:25:48 AM
B,Completely Locked,06/22/2020 11:24:26 AM,Exercise Equipment,B141,City Line Park,B141,City Line Park,Reopened,POINT (-73.87492274042454 40.67948179994448),05/21/2020 01:03:15 PM,06/20/2020 12:00:00 AM
M,Completely Locked,06/22/2020 05:21:11 PM,Exercise Equipment,M079,St. Catherine's Park,M079,St. Catherine's Park,Reopened,POINT (-73.9587213697007 40.76519440893391),04/10/2020 11:53:33 AM,06/21/2020 12:00:00 AM
X,Completely Locked,06/22/2020 10:05:38 AM,Exercise Equipment,X206,Morgan Playground,X206,Morgan Playground,Reopened,POINT (-73.90743530814089 40.83227429519592),04/10/2020 08:42:35 AM,06/21/2020 12:00:00 AM
X,,04/09/2020 03:24:38 PM,Exercise Equipment,X118-ZN03,Soundview Park,X118,Soundview Park Zone 3,Active,POINT (-73.87305103232546 40.818286496286895),,
M,,04/13/2020 01:10:34 PM,Exercise Equipment,M047,Thomas Jefferson Park,M047,Thomas Jefferson Park,Active,POINT (-73.93559005057931 40.793202427096176),,
B,Completely Locked,06/22/2020 03:39:17 PM,Exercise Equipment,B007-01,Bensonhurst Park,B007,Bensonhurst Park Playground,Reopened,POINT (-73.99981329076745 40.59692354879053),04/10/2020 04:00:20 PM,06/20/2020 12:00:00 AM
X,,04/09/2020 03:24:38 PM,Exercise Equipment,X092-ZN06,Van Cortlandt Park,X092,Parade Ground North,Active,POINT (-73.89518810082029 40.896698609614894),,
Q,Completely Locked,06/21/2020 07:27:22 PM,Exercise Equipment,Q335,Russell Sage Playground,Q335,Russell Sage Playground,Reopened,POINT (-73.85147543218127 40.723774979073774),04/11/2020 06:19:53 PM,06/21/2020 10:00:00 AM
B,Completely Locked,06/22/2020 03:21:34 PM,Exercise Equipment,B286,Bartlett Playground,B286,Bartlett Playground,Reopened,POINT (-73.94609574490927 40.70090041528183),04/10/2020 11:37:33 AM,06/21/2020 12:00:00 AM
B,,04/09/2020 03:15:34 PM,Exercise Equipment,B252,West Playground,B252,West Playground,Active,POINT (-73.9700708438389 40.58708392303859),,
B,Completely Locked,04/10/2020 12:36:38 PM,Exercise Equipment,B126-01,Red Hook Recreation Area,B126,Bush Clinton Park,Active,POINT (-74.00341580316581 40.6737079062648),,
B,,04/09/2020 03:15:34 PM,Exercise Equipment,B061,McLaughlin Park,B061,McLaughlin Park,Active,POINT (-73.98604714243562 40.696514825066025),,
Q,Completely Locked,06/21/2020 07:53:34 PM,Exercise Equipment,Q471-01,Hunter's Point South Park,Q471,Hunter's Point South Playground (North),Reopened,POINT (-73.96039842397131 40.74296030861428),04/11/2020 05:47:53 PM,06/21/2020 01:00:00 PM
X,Temporary Fencing,06/22/2020 10:09:37 AM,Exercise Equipment,X010-06,Crotona Park,X010,Boxcar Plgd (6),Reopened,POINT (-73.89272961753181 40.83694779937766),04/15/2020 10:11:38 AM,06/21/2020 12:00:00 AM
R,Completely Locked,06/22/2020 04:54:45 PM,Exercise Equipment,R035,De Matti Park,R035,De Matti Park,Reopened,POINT (-74.07418481018179 40.61453272435435),04/09/2020 03:20:54 PM,06/22/2020 04:54:43 PM
X,,04/09/2020 03:24:38 PM,Exercise Equipment,X002-ZN05B,Bronx Park,X002,Bronx River Parkway East (North Half),Active,POINT (-73.86371190616926 40.89092907333461),,
Q,Completely Locked,06/23/2020 09:24:32 AM,Exercise Equipment,Q366,Louis C. Moser Playground,Q366,Louis C. Moser Playground,Reopened,POINT (-73.89223437689381 40.76310686180756),04/11/2020 05:56:10 PM,06/23/2020 09:24:31 AM
X,Temporary Fencing,06/22/2020 09:35:21 AM,Exercise Equipment,X045-ZN01,St. Mary's Park,X045,St Mary's Park Zone 1,Reopened,POINT (-73.91119885443668 40.810274763845875),04/10/2020 10:04:47 AM,06/21/2020 12:00:00 AM
B,,04/09/2020 03:15:34 PM,Exercise Equipment,B066-01,Owl's Head Park,B066,Owls Head Park,Active,POINT (-74.03013614141982 40.640347469698526),,
M,,04/14/2020 03:44:11 PM,Exercise Equipment,M164,Asser Levy Playground,M164,Asser Levy Playground,Active,POINT (-73.97561547247632 40.73644242592239),,
M,Completely Locked,06/29/2020 11:02:12 AM,Exercise Equipment,M037-04,Highbridge Park,M037,Wallenberg Plgd,Reopened,POINT (-73.9268989214219 40.85291295605653),04/10/2020 12:53:36 PM,06/21/2020 12:00:00 AM
B,,04/09/2020 03:15:34 PM,Exercise Equipment,B032-ZN01,Fort Greene Park,B032,Fort Greene Park Zone 1,Active,POINT (-73.97571514180618 40.69260838010292),,
B,,04/09/2020 03:15:34 PM,Exercise Equipment,B223DA,Adam Yauch Park,B223DA,Adam Yauch Park,Active,POINT (-73.99914590630208 40.69209837983133),,
B,,04/09/2020 03:15:34 PM,Exercise Equipment,B057-ZN02,Marine Park,B057,Marine Park Zone 2,Active,POINT (-73.93246441046279 40.60576617755164),,
X,Temporary Fencing,06/22/2020 09:41:11 AM,Exercise Equipment,X030-ZN01,Macombs Dam Park,X030,Macombs Dam Park Zone 1 Upper,Reopened,POINT (-73.9293295606938 40.82796512810488),04/09/2020 03:49:04 PM,06/21/2020 12:00:00 AM
Q,Completely Locked,06/21/2020 07:49:34 PM,Exercise Equipment,Q421,Walter Ward Playground,Q421,Walter Ward Playground,Reopened,POINT (-73.84369011434538 40.65742268152679),04/11/2020 06:49:16 PM,06/21/2020 02:30:00 PM
Q,,06/19/2020 01:24:06 PM,Exercise Equipment,Q015-ZN04,Forest Park,Q015,Victory Field,Reopened,POINT (-73.85339787369941 40.70146025735233),,06/19/2020 01:15:00 PM
B,Completely Locked,06/23/2020 02:57:29 PM,Exercise Equipment,B254,Wingate Park,B254,Wingate Park,Reopened,POINT (-73.94419925957446 40.65856952010346),04/10/2020 12:57:42 PM,06/22/2020 12:00:00 AM
Q,Completely Locked,06/23/2020 11:45:24 AM,Exercise Equipment,Q333,Ravenswood Playground,Q333,Ravenswood Playground,Reopened,POINT (-73.93534261177533 40.76260794158629),04/11/2020 01:21:47 PM,06/23/2020 11:45:22 AM
Q,Completely Locked,06/21/2020 07:12:37 PM,Exercise Equipment,Q102-03,Juniper Valley Park,Q102,Juniper South Playground,Reopened,POINT (-73.88290170159917 40.71840947599781),04/11/2020 06:19:33 PM,06/21/2020 07:12:34 PM
X,Blocked with Barricade,06/22/2020 10:52:11 AM,Exercise Equipment,X002-05A,Bronx Park,X002,Waring Plgd,Reopened,POINT (-73.87145330242687 40.8604898319416),04/10/2020 02:20:42 PM,06/21/2020 12:00:00 AM
X,Completely Locked,06/22/2020 10:02:57 AM,Exercise Equipment,X211,Stebbins Playground,X211,Stebbins Playground,Reopened,POINT (-73.89851728719871 40.822767330766645),04/10/2020 10:12:26 AM,06/21/2020 12:00:00 AM
B,Completely Locked,06/22/2020 03:12:01 PM,Exercise Equipment,B167,La Guardia Playground,B167,La Guardia Playground,Reopened,POINT (-73.95974822474739 40.71045464988789),04/10/2020 11:36:57 AM,06/21/2020 12:00:00 AM
B,Partially Locked,06/22/2020 02:14:12 PM,Exercise Equipment,B088-02,Herbert Von King Park,B088,Herbert Von King Park,Reopened,POINT (-73.94588134503036 40.68952450560375),04/10/2020 12:00:22 PM,06/22/2020 12:00:00 AM
X,Partially Locked,06/22/2020 11:01:08 AM,Exercise Equipment,X262,Harding Park,X262,Harding Park,Reopened,POINT (-73.85660599548011 40.80930852852364),04/10/2020 03:10:20 PM,06/21/2020 12:00:00 AM
M,Completely Locked,07/07/2020 02:55:15 PM,Exercise Equipment,M200,Booker T. Washington Playground,M200,Booker T. Washington Playground,Reopened,POINT (-73.96376749365731 40.80094406070666),04/09/2020 03:22:59 PM,07/06/2020 12:00:00 AM
Q,Blocked with Barricade,06/21/2020 07:49:34 PM,Exercise Equipment,Q092,Police Officer Edward Byrne Park,Q092,Police Officer Edward Byrne Park,Reopened,POINT (-73.80744201010107 40.667339200754526),04/11/2020 06:51:13 PM,06/21/2020 02:30:00 PM
B,Completely Locked,06/22/2020 12:39:05 PM,Exercise Equipment,B270,Brownsville Playground,B270,Brownsville Playground,Reopened,POINT (-73.90222157209897 40.6565247021916),04/10/2020 05:02:51 PM,06/20/2020 12:00:00 AM
Q,Temporary Fencing,06/22/2020 05:17:24 PM,Exercise Equipment,Q220G,Hoover - Manton Playgrounds,Q220G,Hoover - Manton Playgrounds,Reopened,POINT (-73.82123043186971 40.711472465230855),04/11/2020 07:24:41 PM,
X,Completely Locked,06/22/2020 10:24:49 AM,Exercise Equipment,X174,Webster Playground,X174,Webster Playground,Reopened,POINT (-73.89289227408571 40.85938386044433),04/10/2020 10:30:16 AM,06/21/2020 12:00:00 AM
B,Partially Locked,06/22/2020 02:33:56 PM,Exercise Equipment,B381,Thomas Boyland Park,B381,Thomas Boyland Park,Reopened,POINT (-73.90754695317372 40.68174274121655),04/10/2020 12:28:55 PM,06/22/2020 12:00:00 AM
Q,,04/11/2020 07:26:20 PM,Exercise Equipment,Q024-ZN04,Kissena Park,Q024,Kissena Park Zone 4,Active,POINT (-73.80964169426333 40.74366696799823),,
B,Completely Locked,06/29/2020 09:55:28 AM,Exercise Equipment,B380,Robert E. Venable Park,B380,Robert E. Venable Park,Reopened,POINT (-73.86522898889854 40.67442236557769),04/10/2020 05:00:21 PM,06/29/2020 12:00:00 AM
M,,04/10/2020 12:10:07 PM,Exercise Equipment,M071-ZN20,Riverside Park,M071,Hudson Beach Volleyball Courts & Café,Active,POINT (-73.9723088812383 40.80261866543613),,
X,Temporary Fencing,06/22/2020 10:37:42 AM,Exercise Equipment,X136-01,Harris Park,X136,Harris Playground,Reopened,POINT (-73.89239092602459 40.87512695638039),04/10/2020 02:22:08 PM,06/21/2020 12:00:00 AM
Q,Blocked with Barricade,06/21/2020 07:37:53 PM,Exercise Equipment,Q127,Marconi Park,Q127,Marconi Park,Reopened,POINT (-73.79553022951403 40.693586890964376),04/11/2020 07:00:39 PM,06/21/2020 02:30:00 PM
M,Completely Locked,06/22/2020 04:20:14 PM,Exercise Equipment,M229,Happy Warrior Playground,M229,Happy Warrior Playground,Reopened,POINT (-73.968643030623 40.79547665318389),04/15/2020 04:21:20 PM,06/21/2020 12:00:00 AM
X,Completely Locked,06/22/2020 09:58:34 AM,Exercise Equipment,X113,Hunts Point Playground,X113,Hunts Point Playground,Reopened,POINT (-73.88597051944393 40.814136559758325),04/10/2020 10:11:35 AM,06/21/2020 12:00:00 AM
Q,Completely Locked,06/22/2020 05:17:49 PM,Exercise Equipment,Q298,Paul Raimonda Playground,Q298,Paul Raimonda Playground,Reopened,POINT (-73.89744608049097 40.77280249419432),04/11/2020 05:39:43 PM,
M,Blocked with Barricade,06/22/2020 03:34:43 PM,Exercise Equipment,M071-34,Riverside Park,M071,Tot Lot One Hundred Five,Reopened,POINT (-73.97095004711657 40.80175743965775),04/10/2020 11:46:55 AM,06/21/2020 12:00:00 AM
Q,Temporary Fencing,06/21/2020 07:55:39 PM,Exercise Equipment,Q085,Gorman Playground,Q085,Gorman Playground,Reopened,POINT (-73.88423696233977 40.76238428065752),04/11/2020 05:56:46 PM,06/21/2020 01:30:00 PM
B,Blocked with Barricade,06/22/2020 12:42:25 PM,Exercise Equipment,B008-03,Betsy Head Park,B008,Imagination Playground at Betsy Head,Reopened,POINT (-73.91182793479264 40.66451174662288),04/10/2020 05:01:06 PM,06/20/2020 12:00:00 AM
X,Completely Locked,06/22/2020 09:29:10 AM,Exercise Equipment,X182,Millbrook Playground,X182,Millbrook Playground,Reopened,POINT (-73.91664783759227 40.80435409215871),04/13/2020 02:08:12 PM,06/21/2020 12:00:00 AM
M,,04/10/2020 11:50:49 AM,Exercise Equipment,M391-ZN02,East River Waterfront Esplanade,M391,East River Waterfront Esplanade Zone 2,Active,POINT (-73.99357061521128 40.70911682778208),,
X,,04/09/2020 03:24:38 PM,Exercise Equipment,X002-ZN01,Bronx Park,X002,Bronx Park Zone 1,Active,POINT (-73.87018555214237 40.852440598005614),,
R,,06/23/2020 02:37:37 PM,Exercise Equipment,R031-ZN02,Wolfe's Pond Park,R031,Wolfe's Pond Park Zone 2,Active,POINT (-74.18934171811541 40.516787620972146),,
B,Partially Locked,06/22/2020 02:13:51 PM,Exercise Equipment,B217,Marcy Playground,B217,Marcy Playground,Reopened,POINT (-73.95091349362018 40.695521393912465),04/10/2020 11:59:53 AM,06/22/2020 12:00:00 AM
Q,Temporary Fencing,06/21/2020 11:39:52 AM,Exercise Equipment,Q133,Pat Williams Playground,Q133,Pat Williams Playground,Reopened,POINT (-73.72951806876853 40.713035339280125),04/11/2020 07:13:15 PM,06/21/2020 11:39:50 AM
B,,04/09/2020 03:15:34 PM,Exercise Equipment,B054-ZN01,Lincoln Terrace / Arthur S. Somers Park,B054,Lincoln Terr Pk/Arthur S Somers Zone 1,Active,POINT (-73.92734465085397 40.66591177111679),,
X,Temporary Fencing,06/22/2020 09:41:37 AM,Exercise Equipment,X030,Macombs Dam Park,X030,Macombs Dam Park,Reopened,POINT (-73.92816909012869 40.82876353585811),04/10/2020 02:45:24 PM,06/21/2020 12:00:00 AM
B,,04/09/2020 03:15:34 PM,Exercise Equipment,B316,DiGilio Playground,B316,DiGilio Playground,Active,POINT (-73.9771308362306 40.632628660086475),,
B,,04/09/2020 03:15:34 PM,Exercise Equipment,B162,Brizzi Playground,B162,Brizzi Playground,Active,POINT (-73.99464872731261 40.64241752988835),,
R,,04/09/2020 03:20:54 PM,Exercise Equipment,R109,CPL. Thompson Park,R109,CPL. Thompson Park,Active,POINT (-74.11885101101721 40.638064075849634),,
Q,Temporary Fencing,06/21/2020 07:06:46 PM,Exercise Equipment,Q020-01,Highland Park,Q020,Lower Highland Playground,Reopened,POINT (-73.88573854218654 40.68396081226198),04/11/2020 06:23:15 PM,06/21/2020 10:00:00 AM
Q,Completely Locked,06/22/2020 05:16:37 PM,Exercise Equipment,Q174A,St. Michael's Playground,Q174A,St. Michael's Playground,Reopened,POINT (-73.90015135152188 40.75898091465637),04/11/2020 05:35:29 PM,
Q,Temporary Fencing,06/22/2020 05:20:03 PM,Exercise Equipment,Q005-05,Baisley Pond Park,Q005,157 St Playground,Reopened,POINT (-73.7860883963776 40.68408743516865),04/11/2020 07:31:41 PM,
X,Completely Locked,06/22/2020 10:56:24 AM,Exercise Equipment,X159,Playground 174,X159,Playground 174,UnderConstruction,POINT (-73.87776458244036 40.83434856210142),04/10/2020 02:23:08 PM,
B,,04/09/2020 03:15:34 PM,Exercise Equipment,B223R,Jaime Campiz Playground,B223R,Jaime Campiz Playground,Active,POINT (-73.95437736789306 40.7135425377962),,
X,Completely Locked,06/22/2020 10:23:30 AM,Exercise Equipment,X102,Ciccarone Park,X102,Ciccarone Park,Reopened,POINT (-73.8867043823755 40.855966189629186),04/10/2020 10:29:34 AM,06/21/2020 12:00:00 AM
B,,04/09/2020 03:15:34 PM,Exercise Equipment,B057-ZN03,Marine Park,B057,Marine Park Zone 3,Active,POINT (-73.93544957071985 40.60408041176194),,
Q,Blocked with Barricade,06/21/2020 11:31:08 AM,Exercise Equipment,Q364,Marie Curie Playground,Q364,Marie Curie Playground,Reopened,POINT (-73.77177875021114 40.75693569665498),04/11/2020 07:29:31 PM,06/21/2020 11:31:06 AM
B,Blocked with Barricade,06/22/2020 12:20:00 PM,Exercise Equipment,B149A,Elton Playground,B149A,Elton Playground,Reopened,POINT (-73.88073888137447 40.66593255530792),04/10/2020 04:58:34 PM,06/20/2020 12:00:00 AM
B,Completely Locked,06/22/2020 02:18:02 PM,Exercise Equipment,B294,Jackie Robinson Park Playground,B294,Jackie Robinson Park Playground,Reopened,POINT (-73.92781171578808 40.68021202010892),04/10/2020 12:27:26 PM,06/22/2020 12:00:00 AM
M,Completely Locked,06/19/2020 09:59:41 AM,Exercise Equipment,M171,Cherry Clinton Playground,M171,Cherry Clinton Playground,Reopened,POINT (-73.98628029521305 40.71131293656163),04/10/2020 11:57:06 AM,06/19/2020 12:00:00 AM
M,Completely Locked,06/22/2020 10:39:42 AM,Exercise Equipment,M041,Alexander Hamilton Playground,M041,Alexander Hamilton Playground,Reopened,POINT (-73.95128561178713 40.823079155068555),04/10/2020 02:13:47 PM,06/21/2020 12:00:00 AM
X,Completely Locked,06/22/2020 09:49:25 AM,Exercise Equipment,X148A2,Plimpton Playground,X148A2,Plimpton Playground,Reopened,POINT (-73.92241783996984 40.843925331858806),04/16/2020 10:43:03 AM,06/21/2020 12:00:00 AM
Q,Temporary Fencing,06/23/2020 11:03:34 AM,Exercise Equipment,Q105,Howard Von Dohlen Playground,Q105,Howard Von Dohlen Playground,Reopened,POINT (-73.81297834293107 40.69944018455653),04/11/2020 07:31:04 PM,06/23/2020 11:00:00 AM
B,,04/09/2020 03:15:34 PM,Exercise Equipment,B052-03,Leif Ericson Park,B052,Leif Ericson Park Playground,Active,POINT (-74.01190423157917 40.630818264303834),,
X,Completely Locked,06/22/2020 10:27:27 AM,Exercise Equipment,X257,Mount Hope Playground,X257,Mount Hope Playground,Reopened,POINT (-73.90943943807447 40.85029833371388),04/10/2020 02:14:11 PM,06/21/2020 12:00:00 AM
Q,Temporary Fencing,06/23/2020 11:01:11 AM,Exercise Equipment,Q005-12,Baisley Pond Park,Q005,Rockaway Blvd Playground,Reopened,POINT (-73.78772129274583 40.6725676125228),04/11/2020 06:55:11 PM,06/23/2020 11:00:00 AM
B,Completely Locked,06/22/2020 01:58:26 PM,Exercise Equipment,B129-ZN01,Kaiser Park,B129,Kaiser Park Zone 1,Reopened,POINT (-73.9946104382313 40.57856097830441),04/10/2020 04:06:07 PM,06/22/2020 12:00:00 AM
X,Temporary Fencing,06/22/2020 10:38:47 AM,Exercise Equipment,X080-03,Henry Hudson Park,X080,Henry Hudson Playground (West),Reopened,POINT (-73.92043903890611 40.88118467900722),04/17/2020 12:35:55 PM,06/21/2020 12:00:00 AM
M,Blocked with Barricade,06/22/2020 03:53:26 PM,Exercise Equipment,M010-ZN28,Central Park,M010,Ross Pinetum,Reopened,POINT (-73.96808279850276 40.78294918685494),04/10/2020 11:59:36 AM,06/21/2020 12:00:00 AM
Q,,04/11/2020 05:48:33 PM,Exercise Equipment,Q471-ZN02,Hunter's Point South Park,Q471,Hunter's Point South Park Zone 2,Active,POINT (-73.96159862999801 40.739425621922614),,
B,,04/09/2020 03:15:34 PM,Exercise Equipment,B357,Jackie Robinson Playground,B357,Jackie Robinson Playground,Active,POINT (-73.95923738577667 40.665790351540096),,
Q,Temporary Fencing,06/21/2020 07:07:54 PM,Exercise Equipment,Q128,London Planetree Playground,Q128,London Planetree Playground,Reopened,POINT (-73.85324212334196 40.686139829325434),04/11/2020 06:46:34 PM,06/21/2020 09:45:00 AM
M,Taped Off,06/22/2020 04:11:41 PM,Exercise Equipment,M011,Chelsea Park,M011,Chelsea Park,Reopened,POINT (-74.00072824876388 40.74994165135954),04/10/2020 01:12:14 PM,06/21/2020 12:00:00 AM
M,Completely Locked,06/22/2020 04:20:32 PM,Exercise Equipment,M238,Bloomingdale Playground,M238,Bloomingdale Playground,Reopened,POINT (-73.96600104027476 40.79917221464702),04/09/2020 03:22:59 PM,06/21/2020 12:00:00 AM
X,,04/09/2020 03:24:38 PM,Exercise Equipment,X126-ZN04,Ferry Point Park,X126,Ferry Point Park Zone 4,Active,POINT (-73.8257334075983 40.819745433218365),,
M,Temporary Fencing,06/22/2020 04:33:41 PM,Exercise Equipment,M198,"Martin Luther King, Jr. Playground",M198,"Martin Luther King, Jr. Playground",Reopened,POINT (-73.95046394626499 40.79983407374057),04/15/2020 04:27:34 PM,06/21/2020 12:00:00 AM
B,Completely Locked,06/23/2020 02:54:45 PM,Exercise Equipment,B156,Powell Playground,B156,Powell Playground,Reopened,POINT (-73.90482748554767 40.671272940120616),04/10/2020 05:01:55 PM,06/20/2020 12:00:00 AM
R,,04/09/2020 03:20:54 PM,Exercise Equipment,R109-01,CPL. Thompson Park,R109,Corporal Thompson Playground,Active,POINT (-74.11803173698999 40.63892148395194),,
R,,04/09/2020 03:20:54 PM,Exercise Equipment,R106-ZN03,Bloomingdale Park,R106,Bloomingdale Park Zone 3,Active,POINT (-74.2094651280486 40.53302586858849),,
B,Completely Locked,06/23/2020 02:57:09 PM,Exercise Equipment,B267,Winthrop Playground,B267,Winthrop Playground,Reopened,POINT (-73.95436927754135 40.656569624722536),04/10/2020 01:01:20 PM,06/22/2020 12:00:00 AM
Q,Temporary Fencing,06/23/2020 12:29:29 PM,Exercise Equipment,Q437,Murray Hill Playground,Q437,Murray Hill Playground,Reopened,POINT (-73.81183043181511 40.76166701382999),04/11/2020 07:27:49 PM,06/23/2020 12:29:28 PM
B,Completely Locked,06/23/2020 02:56:55 PM,Exercise Equipment,B193,Hamilton Metz Field,B193,Hamilton Metz Field,UnderConstruction,POINT (-73.94096520005297 40.6625664067098),04/10/2020 01:00:52 PM,
Q,Completely Locked,06/22/2020 05:16:50 PM,Exercise Equipment,Q205A,Big Bush Playground,Q205A,Big Bush Playground,Reopened,POINT (-73.90262797225797 40.7396080387653),04/11/2020 05:46:31 PM,
B,Taped Off,06/23/2020 02:55:32 PM,Exercise Equipment,B087,Sunset Park,B087,Sunset Park,Reopened,POINT (-74.00374340596935 40.64797630201613),04/10/2020 12:37:25 PM,06/22/2020 12:00:00 AM
X,Temporary Fencing,06/22/2020 09:31:09 AM,Exercise Equipment,X041,Pulaski Park,X041,Pulaski Park,Reopened,POINT (-73.92456568539104 40.80524231318758),04/13/2020 01:33:19 PM,06/21/2020 12:00:00 AM
B,Completely Locked,06/22/2020 02:20:32 PM,Exercise Equipment,B266,Star Spangled Playground,B266,Star Spangled Playground,Reopened,POINT (-73.95795318223661 40.69189603258584),04/10/2020 12:26:32 PM,06/22/2020 12:00:00 AM
B,Completely Locked,06/22/2020 01:11:04 PM,Exercise Equipment,B110,Marion Hopkinson Playground,B110,Marion Hopkinson Playground,Reopened,POINT (-73.91331971321605 40.681781155300754),04/10/2020 05:01:31 PM,06/20/2020 12:00:00 AM
B,Completely Locked,06/22/2020 03:21:15 PM,Exercise Equipment,B055,Sternberg Park,B055,Sternberg Park,Reopened,POINT (-73.94724412443163 40.70622664370648),04/10/2020 11:36:06 AM,06/21/2020 12:00:00 AM
X,Temporary Fencing,06/22/2020 10:00:13 AM,Exercise Equipment,X029,Lyons Square Playground,X029,Lyons Square Park,Reopened,POINT (-73.88807089854696 40.82277492741598),04/14/2020 11:20:43 AM,06/21/2020 12:00:00 AM
Q,Temporary Fencing,06/23/2020 11:03:53 AM,Exercise Equipment,Q448-ZN03,Roy Wilkins Recreation Center,Q448,Roy Wilkins Rec Center Zone 3,Reopened,POINT (-73.77385916183722 40.68816534920979),04/12/2020 05:18:58 PM,06/23/2020 11:00:00 AM
Q,Temporary Fencing,06/22/2020 10:20:18 AM,Exercise Equipment,Q300-05,Kissena Corridor Park,Q300,Rachel Carson Playground,Reopened,POINT (-73.82235858041797 40.749125525041045),04/11/2020 07:27:04 PM,06/22/2020 10:20:14 AM
M,Completely Locked,06/19/2020 10:01:28 AM,Exercise Equipment,M064,Lillian D Wald Playground,M064,Lillian D Wald Playground,Reopened,POINT (-73.98436372971324 40.71204164572226),04/10/2020 11:56:13 AM,06/19/2020 12:00:00 AM
Q,,06/23/2020 03:43:44 PM,Exercise Equipment,Q163-ZN07A,Rockaway Beach and Boardwalk Zone,Q163,Rockaway Beach and Boardwalk Zone 7a,Active,POINT (-73.82370017231392 40.581331913552965),,06/07/2020 12:00:00 AM
X,,04/09/2020 03:24:38 PM,Exercise Equipment,X002-ZN03,Bronx Park,X002,Bronx Park Zone 3,Active,POINT (-73.87119701199138 40.87040913182152),,
Q,Completely Locked,06/21/2020 07:04:08 PM,Exercise Equipment,Q131,Frank Principe Park,Q131,Frank Principe Park,Reopened,POINT (-73.90473912871441 40.72746741591657),04/11/2020 05:53:11 PM,06/21/2020 10:00:00 AM
X,Completely Locked,06/22/2020 10:25:41 AM,Exercise Equipment,X085,Slattery Playground,X085,Slattery Playground,Reopened,POINT (-73.89848043408038 40.85730590161171),04/16/2020 02:39:16 PM,06/21/2020 12:00:00 AM
Q,,06/23/2020 09:27:34 AM,Exercise Equipment,Q361,Moore Homestead Playground,Q361,Moore Homestead Playground,UnderConstruction,POINT (-73.88239704521078 40.742141940089475),,
B,Completely Locked,06/22/2020 11:37:27 AM,Exercise Equipment,B283,Belmont Playground,B283,Belmont Playground,Reopened,POINT (-73.86284220864064 40.6754935543911),04/10/2020 04:59:50 PM,06/20/2020 12:00:00 AM
Q,Temporary Fencing,06/23/2020 09:23:00 AM,Exercise Equipment,Q410,Hinton Park,Q410,Hinton Park,Reopened,POINT (-73.85494271577642 40.75601123478801),04/11/2020 05:57:18 PM,06/23/2020 09:15:00 AM
B,Blocked with Barricade,06/22/2020 12:23:12 PM,Exercise Equipment,B078,Grace Playground,B078,Grace Playground,Reopened,POINT (-73.8944393083876 40.67137474004914),04/10/2020 04:57:22 PM,06/20/2020 12:00:00 AM
Q,Temporary Fencing,06/21/2020 07:38:51 PM,Exercise Equipment,Q051,St. Albans Park,Q051,St. Albans Park,Reopened,POINT (-73.77931569080786 40.69304017537922),04/12/2020 05:32:18 PM,06/21/2020 02:30:00 PM
B,Blocked with Barricade,06/22/2020 01:09:16 PM,Exercise Equipment,B219,Callahan-Kelly Playground,B219,Callahan-Kelly Playground,Reopened,POINT (-73.90531416915717 40.678359753394396),04/10/2020 05:02:29 PM,06/21/2020 12:00:00 AM
B,Completely Locked,06/22/2020 03:03:10 PM,Exercise Equipment,B058-ZN02,McCarren Park,B058,McCarren Park Zone 2,Reopened,POINT (-73.95139123902742 40.72002512270835),04/17/2020 10:39:45 AM,06/21/2020 12:00:00 AM
B,,04/09/2020 03:15:34 PM,Exercise Equipment,B137,Sixteen Sycamores Playground,B137,Sixteen Sycamores Playground,Active,POINT (-73.9810056827376 40.68679172680519),,
M,Temporary Fencing,06/22/2020 04:25:59 PM,Exercise Equipment,M111,James Weldon Johnson Playground,M111,James Weldon Johnson Playground,Reopened,POINT (-73.94185672170153 40.7971783560792),04/13/2020 01:17:18 PM,06/21/2020 12:00:00 AM
X,Partially Locked,06/22/2020 09:54:58 AM,Exercise Equipment,X194,Captain Rivera Playground,X194,Captain Rivera Playground,Reopened,POINT (-73.90693259459749 40.81793426718316),04/10/2020 10:08:35 AM,06/21/2020 12:00:00 AM
Q,Completely Locked,06/22/2020 05:15:15 PM,Exercise Equipment,Q099-01,Flushing Meadows Corona Park,Q099,World's Fair Playground,Reopened,POINT (-73.84590168935051 40.737521484536124),04/11/2020 06:17:56 PM,
Q,Temporary Fencing,06/21/2020 07:52:25 PM,Exercise Equipment,Q106,Daniel M. O'Connell Playground,Q106,Daniel M. O'Connell Playground,Reopened,POINT (-73.75809728732561 40.699867812350114),04/11/2020 07:01:26 PM,06/21/2020 02:30:00 PM
X,Blocked with Barricade,06/22/2020 10:28:38 AM,Exercise Equipment,X111,Cedar Playground,X111,Cedar Playground,Reopened,POINT (-73.91738859057475 40.855122235732814),04/16/2020 11:49:39 AM,06/21/2020 12:00:00 AM
R,,04/09/2020 03:20:54 PM,Exercise Equipment,R005-ZN04,Clove Lakes Park,R005,Clove Lakes Park Zone 4,Active,POINT (-74.12071163775693 40.62469636799956),,
Q,Completely Locked,06/21/2020 07:51:32 PM,Exercise Equipment,Q005-01,Baisley Pond Park,Q005,Sutphin Playground,Reopened,POINT (-73.789076327717 40.67475332511123),04/11/2020 06:54:38 PM,06/21/2020 02:30:00 PM
M,,04/15/2020 04:31:07 PM,Exercise Equipment,M099,J. Hood Wright Park,M099,J. Hood Wright Park,Active,POINT (-73.9409453399472 40.84635575138851),,
M,Blocked with Barricade,06/22/2020 05:19:04 PM,Exercise Equipment,M289,East River Esplanade,M289,East River Esplanade,Reopened,POINT (-73.96968476295301 40.745868827524944),04/10/2020 11:54:49 AM,06/21/2020 12:00:00 AM
B,,04/09/2020 03:15:34 PM,Exercise Equipment,B295,Oxport Playground,B295,Oxport Playground,Active,POINT (-73.97624385732473 40.69760448528043),,
X,Completely Locked,06/22/2020 11:19:22 AM,Exercise Equipment,X253,Ambrosini Field,X253,Ambrosini Field,Reopened,POINT (-73.78339296334069 40.84450088586157),04/10/2020 02:15:47 PM,06/21/2020 12:00:00 AM
Q,Temporary Fencing,06/19/2020 01:59:41 PM,Exercise Equipment,Q021-03,Cunningham Park,Q021,210 St Playground,Reopened,POINT (-73.76533876072492 40.73925387400779),04/11/2020 07:21:57 PM,06/19/2020 01:59:39 PM
Q,,04/09/2020 03:18:23 PM,Exercise Equipment,Q162J01,Beach 9 Playground,Q162J01,Beach 9 Playground,Active,POINT (-73.7450264620596 40.5952950243855),,
B,,04/10/2020 04:00:56 PM,Exercise Equipment,B068,Parade Ground,B068,Parade Ground,Active,POINT (-73.96835365164006 40.65086462836489),,
B,Completely Locked,06/22/2020 01:37:56 PM,Exercise Equipment,B018-ZN03,Canarsie Park,B018,Canarsie Park Zone 3,Reopened,POINT (-73.89672470658327 40.62566473995163),04/10/2020 04:40:03 PM,06/22/2020 12:00:00 AM
M,Completely Locked,06/22/2020 04:19:21 PM,Exercise Equipment,M184,Samuel N. Bennerson 2nd Playground,M184,Samuel N. Bennerson 2nd Playground,Reopened,POINT (-73.98695384493311 40.77382394258038),04/09/2020 03:22:59 PM,06/21/2020 12:00:00 AM
B,Completely Locked,06/22/2020 02:31:33 PM,Exercise Equipment,B429,Hope Ballfield,B429,Hope Ballfield,Reopened,POINT (-73.91713545206649 40.69748404677454),05/21/2020 11:52:23 AM,06/22/2020 12:00:00 AM
X,Completely Locked,06/22/2020 11:04:19 AM,Exercise Equipment,X160,Caserta Playground,X160,Caserta Playground,Reopened,POINT (-73.85402945321134 40.837337871100985),04/10/2020 02:23:28 PM,06/21/2020 12:00:00 AM
B,Completely Locked,06/22/2020 01:39:54 PM,Exercise Equipment,B352,Curtis Playground,B352,Curtis Playground,Reopened,POINT (-73.91741522757015 40.640952081836495),04/10/2020 04:46:57 PM,06/22/2020 12:00:00 AM
X,Completely Locked,06/22/2020 09:53:27 AM,Exercise Equipment,X146,Flynn Playground,X146,Flynn Playground,Reopened,POINT (-73.91193278875865 40.82104461502767),04/10/2020 10:08:58 AM,06/21/2020 12:00:00 AM
X,Completely Locked,06/22/2020 10:55:22 AM,Exercise Equipment,X123,Noble Playground,X123,Noble Playground,Reopened,POINT (-73.87225180093814 40.83730964780272),04/10/2020 02:22:43 PM,06/21/2020 12:00:00 AM
Q,Temporary Fencing,06/23/2020 11:17:19 AM,Exercise Equipment,Q099-20,Flushing Meadows Corona Park,Q099,Albert H. Mauro Playground,Reopened,POINT (-73.82722743008128 40.72336395237862),04/11/2020 07:24:08 PM,06/23/2020 10:55:44 AM
B,,04/09/2020 03:15:34 PM,Exercise Equipment,B151,Dome Playground,B151,Dome Playground,Active,POINT (-73.98019420844595 40.63820669295218),,
R,Completely Locked,06/23/2020 09:54:14 AM,Exercise Equipment,R090,Lieutenant John H. Martinson Playground,R090,Lieutenant John H. Martinson Playground,Reopened,POINT (-74.16264451633752 40.536862934021656),04/09/2020 03:20:54 PM,06/22/2020 12:00:00 AM
B,,04/09/2020 03:15:34 PM,Exercise Equipment,B192,Russell Pedersen Playground,B192,Russell Pedersen Playground,Active,POINT (-74.03618079563667 40.62638149625277),,
X,Completely Locked,06/22/2020 09:52:44 AM,Exercise Equipment,X353,Yolanda García Park,X353,Yolanda Garcia Park,Reopened,POINT (-73.91380830169413 40.82310392036892),04/10/2020 10:26:40 AM,06/21/2020 12:00:00 AM
M,Completely Locked,06/19/2020 10:00:46 AM,Exercise Equipment,M144-ZN05,John V. Lindsay East River Park,M144,East River Park Zone 5,Reopened,POINT (-73.97359980806098 40.72157405944334),04/10/2020 11:58:13 AM,06/19/2020 12:00:00 AM
M,,04/09/2020 03:22:58 PM,Exercise Equipment,M042-ZN02,Inwood Hill Park,M042,Inwood Hill Park Zone 2,Active,POINT (-73.92092619021308 40.8735438456456),,
B,,04/09/2020 03:15:34 PM,Exercise Equipment,B051,Kelly Park Playground,B051,Kelly Park Playground,Active,POINT (-73.95764201145822 40.60417856226807),,
B,,04/09/2020 03:15:34 PM,Exercise Equipment,B275,Grady Playground,B275,Grady Playground,Active,POINT (-73.96471236516003 40.58305310479648),,
Q,Temporary Fencing,06/21/2020 07:51:32 PM,Exercise Equipment,Q413,Rochdale Park,Q413,Rochdale Park,Reopened,POINT (-73.77442324137397 40.67467071888909),04/11/2020 07:32:19 PM,06/21/2020 02:30:00 PM
Q,Completely Locked,06/21/2020 08:00:33 PM,Exercise Equipment,Q211,Maple Playground,Q211,Maple Playground,Reopened,POINT (-73.82609147065686 40.75587494967768),04/11/2020 07:28:15 PM,06/21/2020 12:30:00 PM
X,Temporary Fencing,06/22/2020 11:19:43 AM,Exercise Equipment,X039-ZN01,Pelham Bay Park,X039,Aileen Ryan Rec. Complex,Reopened,POINT (-73.82354955599097 40.848386686650926),04/10/2020 02:15:17 PM,06/21/2020 12:00:00 AM
B,Completely Locked,06/25/2020 01:57:53 PM,Exercise Equipment,B263,Sumner Playground,B263,Sumner Playground,Reopened,POINT (-73.94275920794006 40.69727573052556),04/10/2020 12:01:47 PM,06/25/2020 12:00:00 AM
Q,Temporary Fencing,06/21/2020 11:41:39 AM,Exercise Equipment,Q008-01,Brookville Park,Q008,Brookville Playground,Reopened,POINT (-73.74144047160583 40.663212483148996),04/11/2020 07:33:20 PM,06/21/2020 11:45:00 AM
Q,Completely Locked,06/21/2020 05:11:23 PM,Exercise Equipment,Q382,Cardozo Playground,Q382,Cardozo Playground,Reopened,POINT (-73.78656811018509 40.59323900596114),04/11/2020 07:36:25 PM,06/21/2020 02:30:00 PM
Q,,04/09/2020 03:18:23 PM,Exercise Equipment,Q162J,Beach 17 Playground,Q162J,Beach 17 Playground,Active,POINT (-73.74880446851114 40.59448974090656),,
B,,06/22/2020 01:36:30 PM,Exercise Equipment,B018-01,Canarsie Park,B018,Dinapoli Plgd,UnderConstruction,POINT (-73.89299093014267 40.63082565366608),,
B,,04/09/2020 03:15:34 PM,Exercise Equipment,B106B,Lafayette Playground,B106B,Lafayette Playground,Active,POINT (-73.98528984420022 40.59450882940557),,
B,,04/09/2020 03:15:34 PM,Exercise Equipment,B073-ZN06,Prospect Park,B073,Prospect Park Southwest Lower,Active,POINT (-73.97272036709187 40.654833000026215),,
X,Temporary Fencing,06/22/2020 09:35:51 AM,Exercise Equipment,X045-01,St. Mary's Park,X045,St Mary's Playground East,Reopened,POINT (-73.9104894866682 40.8102807321832),04/10/2020 10:05:18 AM,06/21/2020 12:00:00 AM
M,Completely Locked,06/29/2020 11:01:45 AM,Exercise Equipment,M029-01,Fort Tryon Park,M029,Jacob Javits Plgd,Reopened,POINT (-73.9344719040704 40.85890697253515),04/10/2020 11:39:34 AM,06/21/2020 12:00:00 AM
R,,04/09/2020 03:20:54 PM,Exercise Equipment,R125,Lopez Playground,R125,Lopez Playground,Active,POINT (-74.08505419557865 40.611486668526425),,
B,Completely Locked,06/22/2020 12:30:24 PM,Exercise Equipment,B246,Jerome Playground,B246,Jerome Playground,Reopened,POINT (-73.87959078888356 40.65892568763115),04/10/2020 04:59:19 PM,06/20/2020 12:00:00 AM
X,Partially Locked,06/22/2020 11:01:25 AM,Exercise Equipment,X088-ZN02,Pugsley Creek Park,X088,Pugsley Creek Park Zone 2,Reopened,POINT (-73.85224766433613 40.812510682421184),04/10/2020 02:21:54 PM,06/21/2020 12:00:00 AM
Q,Temporary Fencing,06/19/2020 02:02:20 PM,Exercise Equipment,Q129,"Phil ""Scooter"" Rizzuto Park",Q129,"Phil ""Scooter"" Rizzuto Park",Reopened,POINT (-73.82158665651203 40.69479295148475),04/11/2020 06:56:49 PM,06/19/2020 02:01:52 PM
B,Completely Locked,06/23/2020 02:55:47 PM,Exercise Equipment,B118A,St. Mary's Park,B118A,St. Mary's Park,Reopened,POINT (-73.99721990515255 40.67643122626661),04/10/2020 12:35:58 PM,06/22/2020 12:00:00 AM
B,,04/09/2020 03:15:34 PM,Exercise Equipment,B285,Harry Maze Playground,B285,Harry Maze Playground,Active,POINT (-73.92317587764559 40.64341783868127),,
Q,Completely Locked,06/22/2020 02:25:20 PM,Exercise Equipment,Q450,Corona Golf Playground,Q450,Corona Golf Playground,Reopened,POINT (-73.85461130347079 40.747582381480434),04/11/2020 06:07:49 PM,06/22/2020 02:25:18 PM
Q,,06/21/2020 07:54:13 PM,Exercise Equipment,Q004-ZN01,Astoria Park,Q004,Astoria Park Zone 1,Reopened,POINT (-73.9250723759056 40.77673004027609),04/13/2020 03:34:45 PM,06/21/2020 01:00:00 PM
Q,Completely Locked,06/22/2020 05:15:49 PM,Exercise Equipment,Q031,Lawrence Virgilio Playground,Q031,Lawrence Virgilio Playground,Reopened,POINT (-73.91074722015503 40.74747006904619),04/11/2020 05:45:14 PM,
B,Completely Locked,06/22/2020 04:17:04 PM,Exercise Equipment,B007,Bensonhurst Park,B007,Bensonhurst Park,Reopened,POINT (-74.00130226448023 40.59651285644902),04/10/2020 11:54:36 AM,06/22/2020 12:00:00 AM
X,Completely Locked,06/22/2020 11:00:01 AM,Exercise Equipment,X204,Story Playground,X204,Story Playground,Reopened,POINT (-73.86284389189633 40.82291343539928),04/20/2020 10:59:13 AM,06/21/2020 12:00:00 AM
M,Completely Locked,06/22/2020 05:17:37 PM,Exercise Equipment,M263,Bellevue South Park,M263,Bellevue South Park,Reopened,POINT (-73.97805754866744 40.740032558826094),04/10/2020 11:52:24 AM,06/21/2020 12:00:00 AM
Q,Completely Locked,06/21/2020 07:56:32 PM,Exercise Equipment,Q474,Simeone Park,Q474,Simeone Park,Reopened,POINT (-73.85992361032712 40.740979531381065),04/11/2020 06:09:46 PM,06/21/2020 01:00:00 PM
X,,04/09/2020 03:24:38 PM,Exercise Equipment,X002-ZN05A,Bronx Park,X002,Bronx River Parkway East (South Half),Active,POINT (-73.86785687192702 40.88135843429829),,
B,,06/22/2020 04:39:12 PM,Exercise Equipment,B221,Steuben Playground,B221,Steuben Playground,Reopened,POINT (-73.96345807759882 40.69744491870467),,06/22/2020 12:00:00 AM
B,,04/09/2020 03:15:34 PM,Exercise Equipment,B060-01,McKinley Park,B060,McKinley Park Playground,Active,POINT (-74.01686079218794 40.62638893275471),,
Q,Temporary Fencing,06/21/2020 07:12:37 PM,Exercise Equipment,Q360M,Frontera Park,Q360M,Frontera Park,Reopened,POINT (-73.8953707957513 40.72467606207501),04/11/2020 05:52:31 PM,06/21/2020 07:12:34 PM
M,Completely Locked,06/19/2020 10:01:46 AM,Exercise Equipment,M088,Tompkins Square Park,M088,Tompkins Square Park,Reopened,POINT (-73.98171294258619 40.726452065314255),04/10/2020 11:57:46 AM,06/19/2020 12:00:00 AM
B,Completely Locked,06/22/2020 02:31:08 PM,Exercise Equipment,B139,Heckscher Playground,B139,Heckscher Playground,Reopened,POINT (-73.91826823544291 40.69511490673364),04/10/2020 12:28:31 PM,06/22/2020 12:00:00 AM
B,,04/09/2020 03:15:34 PM,Exercise Equipment,B296,Luna Playground,B296,Luna Playground,Active,POINT (-73.9784012305104 40.576094881729134),,
X,Completely Locked,06/22/2020 10:36:29 AM,Exercise Equipment,X020,Fort Independence Playground,X020,Fort Independence Playground,Reopened,POINT (-73.89490717361261 40.881891241268036),04/17/2020 01:49:58 PM,06/21/2020 12:00:00 AM
X,Completely Locked,06/22/2020 10:22:27 AM,Exercise Equipment,X108,Belmont Playground,X108,Belmont Playground,Reopened,POINT (-73.8876937082305 40.85028784349431),04/10/2020 10:28:53 AM,06/21/2020 12:00:00 AM
Q,Temporary Fencing,06/21/2020 03:20:07 PM,Exercise Equipment,Q108,Laurelton Playground,Q108,Laurelton Playground,Reopened,POINT (-73.73653220733861 40.67000054576685),04/11/2020 07:34:27 PM,06/21/2020 03:20:04 PM
M,Completely Locked,06/22/2020 04:28:09 PM,Exercise Equipment,M058-01,Marcus Garvey Park,M058,Mt. Morris East,Reopened,POINT (-73.94309751628622 40.80332603307183),04/13/2020 01:11:34 PM,06/21/2020 12:00:00 AM
Q,Completely Locked,06/22/2020 05:18:19 PM,Exercise Equipment,Q314,Fresh Meadows Playground,Q314,Fresh Meadows Playground,Reopened,POINT (-73.79618385636533 40.73411680762906),04/11/2020 07:22:56 PM,
M,Completely Locked,06/22/2020 03:34:12 PM,Exercise Equipment,M071-04,Riverside Park,M071,Neufeld Playground,Reopened,POINT (-73.98473175135972 40.78351537992661),04/15/2020 04:34:05 PM,06/21/2020 12:00:00 AM
Q,Completely Locked,06/22/2020 02:23:02 PM,Exercise Equipment,Q098,Frank D. O'Connor Playground,Q098,Frank D. O'Connor Playground,Reopened,POINT (-73.88672297251821 40.744247034275055),04/11/2020 05:51:28 PM,06/22/2020 02:22:55 PM
X,Completely Locked,06/22/2020 09:33:25 AM,Exercise Equipment,X238,Saw Mill Playground,X238,Saw Mill Playground,Reopened,POINT (-73.91937329426234 40.8089131054485),04/10/2020 10:06:45 AM,06/21/2020 12:00:00 AM
B,Partially Locked,06/22/2020 02:17:39 PM,Exercise Equipment,B258,Brevoort Playground,B258,Brevoort Playground,Reopened,POINT (-73.92276101480839 40.68047022118154),04/10/2020 12:12:20 PM,06/22/2020 12:00:00 AM
R,Completely Locked,06/22/2020 02:41:30 PM,Exercise Equipment,R068,The Big Park,R068,The Big Park,Reopened,POINT (-74.16451275113033 40.630809575715524),04/09/2020 03:20:54 PM,06/22/2020 12:00:00 AM
B,Completely Locked,06/23/2020 12:56:11 PM,Exercise Equipment,B150,Kolbert Playground,B150,Kolbert Playground,Reopened,POINT (-73.95800759867898 40.620075588722564),04/10/2020 03:58:01 PM,06/22/2020 12:00:00 AM
B,,04/09/2020 03:15:34 PM,Exercise Equipment,B274,Bayview Playground,B274,Bayview Playground,Active,POINT (-73.88690984970518 40.63491240831661),,
X,Temporary Fencing,06/22/2020 10:29:48 AM,Exercise Equipment,X001-01,Aqueduct Walk,X001,Aqueduct Lands Plgd,Reopened,POINT (-73.90858175040887 40.85769666481753),04/13/2020 12:05:26 PM,06/21/2020 12:00:00 AM
Q,Temporary Fencing,06/21/2020 08:02:29 PM,Exercise Equipment,Q381,Francis Lewis Playground,Q381,Francis Lewis Playground,Reopened,POINT (-73.78403163148911 40.760436881932804),04/11/2020 07:29:59 PM,06/21/2020 12:30:00 PM
B,,04/09/2020 03:15:34 PM,Exercise Equipment,B057-ZN01,Marine Park,B057,Marine Park Zone 1,Active,POINT (-73.93641201272325 40.60825051984852),,
B,Completely Locked,06/23/2020 12:55:05 PM,Exercise Equipment,B073-20,Prospect Park,B073,Harmony Playground,Reopened,POINT (-73.9769634460577 40.66346528884452),04/10/2020 03:54:00 PM,06/22/2020 12:00:00 AM
X,Completely Locked,06/22/2020 10:34:28 AM,Exercise Equipment,X038-02,Washington's Walk,X038,Fort #4 Playground,Reopened,POINT (-73.90085322643156 40.874664145208),04/09/2020 03:52:15 PM,06/21/2020 12:00:00 AM
X,,06/22/2020 09:59:27 AM,Exercise Equipment,X307,Barretto Point Park,X307,Barretto Point Park,Reopened,POINT (-73.88836438060042 40.80500094699603),04/14/2020 12:10:33 PM,06/21/2020 12:00:00 AM
M,Temporary Fencing,06/22/2020 04:23:27 PM,Exercise Equipment,M186,Col. Young Playground,M186,Col. Young Playground,Reopened,POINT (-73.93553958259542 40.81921072018359),04/13/2020 01:14:45 PM,06/21/2020 12:00:00 AM
X,Partially Locked,06/22/2020 11:10:13 AM,Exercise Equipment,X122,Colucci Playground,X122,Colucci Playground,Reopened,POINT (-73.83458247991918 40.852778619775684),04/20/2020 12:02:40 PM,06/21/2020 12:00:00 AM
M,Completely Locked,06/19/2020 10:01:05 AM,Exercise Equipment,M033,Hamilton Fish Park,M033,Hamilton Fish Park,Reopened,POINT (-73.98076555397473 40.71970263826508),04/10/2020 11:55:48 AM,06/19/2020 12:00:00 AM
B,Completely Locked,06/22/2020 01:58:18 PM,Exercise Equipment,B337,Century Playground,B337,Century Playground,Reopened,POINT (-73.97039455950755 40.577017897150675),04/10/2020 04:48:07 PM,06/22/2020 12:00:00 AM
Q,Temporary Fencing,06/21/2020 07:12:37 PM,Exercise Equipment,Q102-02,Juniper Valley Park,Q102,Juniper North Playground Tennis,Reopened,POINT (-73.87709582234879 40.720654869485145),04/11/2020 06:19:09 PM,06/21/2020 07:12:34 PM
B,Completely Locked,06/23/2020 02:56:00 PM,Exercise Equipment,B050,Van Voorhees Playground,B050,Van Voorhees Playground,Reopened,POINT (-73.99932162436835 40.69031144424675),04/10/2020 12:32:15 PM,06/22/2020 12:00:00 AM
Q,Completely Locked,06/21/2020 07:54:48 PM,Exercise Equipment,Q014,Astoria Heights Playground,Q014,Astoria Heights Playground,Reopened,POINT (-73.91174252356157 40.76042085301537),04/11/2020 05:27:29 PM,06/21/2020 01:00:00 PM
B,Completely Locked,06/22/2020 01:07:19 PM,Exercise Equipment,B387,Hilltop Playground,B387,Hilltop Playground,Reopened,POINT (-73.91433859819634 40.67532564231405),04/10/2020 05:03:14 PM,06/20/2020 12:00:00 AM
Q,Completely Locked,06/21/2020 07:49:34 PM,Exercise Equipment,Q414,Rocket Playground,Q414,Rocket Playground,Reopened,POINT (-73.84627851240839 40.6706678178842),04/11/2020 06:48:44 PM,06/21/2020 02:30:00 PM
X,Temporary Fencing,06/22/2020 09:37:20 AM,Exercise Equipment,X045-03,St. Mary's Park,X045,St Mary's Playground West,Reopened,POINT (-73.91325758564736 40.812796199974876),04/10/2020 10:05:52 AM,06/21/2020 12:00:00 AM
B,Temporary Fencing,06/22/2020 01:56:18 PM,Exercise Equipment,B169-ZN04B,Coney Island Beach & Boardwalk,B169,Coney Island Beach Zone 4b,Reopened,POINT (-73.97612258859823 40.57282965851369),05/08/2020 04:10:04 PM,06/22/2020 12:00:00 AM
B,,04/09/2020 03:15:34 PM,Exercise Equipment,B016,Maria Hernandez Park,B016,Maria Hernandez Park,Active,POINT (-73.92386340065151 40.703171443271685),,
Q,,04/09/2020 03:18:23 PM,Exercise Equipment,Q162H,Beach 30th Street Playground,Q162H,Beach 30th Street Playground,Active,POINT (-73.762489336517 40.592460653719186),,
Q,,04/11/2020 01:19:59 PM,Exercise Equipment,Q215,Whitey Ford Field,Q215,Whitey Ford Field,Active,POINT (-73.93483559589428 40.777646960436236),,
B,Completely Locked,06/29/2020 09:20:56 AM,Exercise Equipment,B100,Seth Low Playground/ Bealin Square,B100,Seth Low Playground/ Bealin Square,Reopened,POINT (-73.98636238213687 40.60813843938594),04/10/2020 03:58:34 PM,06/25/2020 12:00:00 AM
Q,,04/11/2020 07:21:17 PM,Exercise Equipment,Q021-ZN02,Cunningham Park,Q021,Cunningham Park Zone 2,Active,POINT (-73.77359003192625 40.729693740059986),,
M,Completely Locked,06/22/2020 04:23:44 PM,Exercise Equipment,M160,Fred Samuel Playground,M160,Fred Samuel Playground,Reopened,POINT (-73.93923671753906 40.81715574647379),04/13/2020 01:15:20 PM,06/21/2020 12:00:00 AM
M,,04/09/2020 03:22:58 PM,Exercise Equipment,M042-ZN04,Inwood Hill Park,M042,Inwood Hill Park Zone 4 (Dyckman Fields),Active,POINT (-73.9302748808981 40.87284181527521),,
Q,Completely Locked,06/23/2020 10:58:08 AM,Exercise Equipment,Q094,Tudor Park,Q094,Tudor Park,Reopened,POINT (-73.85212938585939 40.672622742221655),04/11/2020 06:47:41 PM,06/21/2020 12:00:00 PM
X,Completely Locked,06/22/2020 09:55:40 AM,Exercise Equipment,X216,Abigail Playground,X216,Abigail Playground,Reopened,POINT (-73.90464194387371 40.81731386925282),04/10/2020 10:07:23 AM,06/21/2020 12:00:00 AM
X,Completely Locked,06/22/2020 11:15:49 AM,Exercise Equipment,X169,Agnes Haywood Playground,X169,Agnes Haywood Playground,Reopened,POINT (-73.86181381588385 40.88029558916309),04/10/2020 02:19:45 PM,06/21/2020 12:00:00 AM
Q,Completely Locked,06/21/2020 07:05:01 PM,Exercise Equipment,Q002,Grover Cleveland Playground,Q002,Grover Cleveland Playground,Reopened,POINT (-73.91114489160016 40.710899665887816),04/11/2020 06:21:30 PM,06/21/2020 10:00:00 AM
